[
	{
		"id": 1,
		"priority": 1,
		"condition": {
			"urlFilter": "||www.google.com/search?embedded=1&q=*",
			"resourceTypes": ["sub_frame"]
		},
		"action": {
			"type": "modifyHeaders",
			"requestHeaders": [
				{
					"header": "user-agent",
					"operation": "set",
					"value": "Mozilla/5.0 (Linux; Android 12) AppleWebKit/537.36 (KHTML, like Gecko) Chrome/102.0.5005.78 Mobile Safari/537.36"
				},
				{
					"header": "referer",
					"operation": "set",
					"value": "https://google.com/"
				},
				{
					"header": "origin",
					"operation": "set",
					"value": "https://google.com/"
				}
			],
			"responseHeaders": [
				{ "header": "x-frame-options", "operation": "remove" },
				{ "header": "frame-options", "operation": "remove" },
				{ "header": "content-security-policy", "operation": "remove" }
			]
		}
	}
]
