[
{"action":{"type":"block"},"condition":{"domainType":"thirdParty","initiatorDomains":["0-15.co.il","2b-bari.co.il","50plus.co.il","abortion.org.il","acnecenter.co.il","add-syndrome.co.il","allergy.org.il","alzheimer.co.il","asthma.org.il","autism.org.il","bariatric.org.il","blinds.org.il","blood.co.il","burn.org.il","candidafree.co.il","cfs.org.il","cholesterol.org.il","cold.co.il","commitment.org.il","degeneration.co.il","dementia.co.il","dermatology.co.il","dialysis.org.il","ear.org.il","east-west.co.il","emun.org.il","ent.org.il","feeling.co.il","fms.org.il","gastro-israel.org.il","genes.co.il","human.co.il","hyperhidrosis.org.il","iaawh.co.il","ibd.org.il","ifeel.co.il","ilsi.org.il","immunology.org.il","implants.org.il","ioh.org.il","isala.org.il","le-la.co.il","linshom.org.il","lung.org.il","lupus.org.il","maane.co.il","matnachim.co.il","matnachim.org.il","medicalcannabis.co.il","mifrakim.co.il","my-rights.org.il","myeyes.co.il","myhealth.co.il","myheart.co.il","myrights.co.il","nashy.co.il","neurology.org.il","noga.org.il","obesity.org.il","oncology.org.il","pain.org.il","parkinsons.org.il","pediatrics.co.il","pigur.co.il","pso.org.il","psychiatrist.org.il","psychiatry.org.il","stdinfo.co.il","stroke.org.il","takana.co.il","tevalife.co.il","urinary.co.il","urine.org.il","voices.co.il","womenonly.co.il"],"requestDomains":["netform.co.il","virtualspirits.com","whats-new.co.il"]},"id":1,"priority":10},
{"action":{"type":"block"},"condition":{"requestDomains":["213.8.137.51","a.walla.co.il","ads.one.co.il","adserv.mako.co.il","atardrushim.com","avoda-mehabait.co.il","banners.news1.co.il","exposeboxwallashops.blob.core.windows.net","hasdarot.club","hasdarot.com","hasdarot.info","hasdarot.life","hasdarot.live","hasdarot.net","hasdarot.tv","hasdarot.vip","hasdarot.xyz","isdarot.com","israeljobstoday.com","losittooday.info","pinukim.net","play.milly-style.co.il","plushome.co.il","sdarot-il.org","sdarot-tv.org","sdarot.cc","sdc.mako.co.il","seret.live","storyshop.co.il","totalmedia2.ynet.co.il","tvfeel.cc","wrtm.walla.co.il"]},"id":2,"priority":10},
{"action":{"type":"block"},"condition":{"excludedResourceTypes":["main_frame","script"],"initiatorDomains":["6days.walla.co.il","animals.walla.co.il","astrology.walla.co.il","b.walla.co.il","buzzit.walla.co.il","calendar.walla.co.il","cars.walla.co.il","celebs.walla.co.il","e.walla.co.il","elections.walla.co.il","euro.walla.co.il","fashion.walla.co.il","finance.walla.co.il","food.walla.co.il","forums.walla.co.il","fun.walla.co.il","healthy.walla.co.il","home.walla.co.il","judaism.walla.co.il","kids.walla.co.il","mag.walla.co.il","maps.walla.co.il","milon.walla.co.il","movies.walla.co.il","mundial.walla.co.il","nadlan.walla.co.il","news.walla.co.il","nick.walla.co.il","olympics.walla.co.il","search.walla.co.il","sports.walla.co.il","tags.walla.co.il","tech.walla.co.il","translate.walla.co.il","travel.walla.co.il","tv-guide.walla.co.il","tv.walla.co.il","usaelections.walla.co.il","viva.walla.co.il","vod.walla.co.il","weather.walla.co.il","www.mako.co.il","www.walla.co.il"],"urlFilter":"|blob:"},"id":3,"priority":10},
{"action":{"type":"block"},"condition":{"urlFilter":"||fus.walla.co.il/report/"},"id":4,"priority":10},
{"action":{"type":"block"},"condition":{"initiatorDomains":["forums.walla.co.il","tv-guide.walla.co.il"],"urlFilter":"||fus.walla.co.il/script.js?1"},"id":5,"priority":10},
{"action":{"type":"block"},"condition":{"urlFilter":"||fus.walla.co.il/vast/"},"id":6,"priority":10},
{"action":{"type":"block"},"condition":{"domainType":"thirdParty","initiatorDomains":["mako.co.il"],"requestDomains":["activetrail.com","adoric-ads.com","analytics.edgesuite.net","netdna-ssl.com"]},"id":7,"priority":10},
{"action":{"type":"block"},"condition":{"urlFilter":"||x.walla.co.il^*.mp4|"},"id":8,"priority":10},
{"action":{"type":"block"},"condition":{"domainType":"firstParty","initiatorDomains":["6days.walla.co.il","animals.walla.co.il","astrology.walla.co.il","b.walla.co.il","buzzit.walla.co.il","calendar.walla.co.il","cars.walla.co.il","celebs.walla.co.il","e.walla.co.il","elections.walla.co.il","euro.walla.co.il","fashion.walla.co.il","finance.walla.co.il","food.walla.co.il","forums.walla.co.il","fun.walla.co.il","healthy.walla.co.il","home.walla.co.il","judaism.walla.co.il","kids.walla.co.il","mag.walla.co.il","maps.walla.co.il","milon.walla.co.il","movies.walla.co.il","mundial.walla.co.il","nadlan.walla.co.il","news.walla.co.il","nick.walla.co.il","olympics.walla.co.il","search.walla.co.il","sports.walla.co.il","tags.walla.co.il","tech.walla.co.il","translate.walla.co.il","travel.walla.co.il","tv-guide.walla.co.il","tv.walla.co.il","usaelections.walla.co.il","viva.walla.co.il","vod.walla.co.il","weather.walla.co.il","www.walla.co.il"],"resourceTypes":["websocket"],"urlFilter":"||walla.co.il^"},"id":9,"priority":10},
{"action":{"type":"block"},"condition":{"urlFilter":"/cdamarkettextlinks_"},"id":10,"priority":10},
{"action":{"type":"block"},"condition":{"urlFilter":"/cdamarketinglink/"},"id":11,"priority":10},
{"action":{"type":"block"},"condition":{"urlFilter":"||alljobs.co.il/partners/ynet/engine.aspx"},"id":12,"priority":10},
{"action":{"type":"block"},"condition":{"urlFilter":"||article.yedioth.co.il/assets/banners"},"id":13,"priority":10},
{"action":{"type":"block"},"condition":{"urlFilter":"||go.ynet.co.il/short/demos/*/ads/"},"id":14,"priority":10},
{"action":{"type":"block"},"condition":{"urlFilter":"||go.ynet.co.il/short/content/2013/career/sidejobs/"},"id":15,"priority":10},
{"action":{"type":"block"},"condition":{"urlFilter":"||infomed.co.il/ynet/sidebox.aspx?"},"id":16,"priority":10},
{"action":{"type":"block"},"condition":{"initiatorDomains":["calcalist.co.il","mako.co.il","ynet.co.il"],"urlFilter":"||psakdin.co.il/externalframes/"},"id":17,"priority":10},
{"action":{"type":"block"},"condition":{"initiatorDomains":["mako.co.il","n12.co.il","tech12.co.il","tvbee.co.il"],"requestDomains":["api.conduit.com","localhost"]},"id":18,"priority":10},
{"action":{"type":"block"},"condition":{"urlFilter":"||apps.mako.co.il/minicampaigns/"},"id":19,"priority":10},
{"action":{"type":"block"},"condition":{"urlFilter":"||mako.co.il/makotv/loginsocialconfig.json"},"id":20,"priority":10},
{"action":{"type":"block"},"condition":{"urlFilter":"||rcs.mako.co.il/js/player/*/artimedia/artimediaadmanager.js"},"id":21,"priority":10},
{"action":{"type":"block"},"condition":{"urlFilter":"||shironet.mako.co.il/jsp/images/main_strip_ad_box_718.gif"},"id":22,"priority":10},
{"action":{"type":"block"},"condition":{"urlFilter":"||sport5.co.il/banners2/"},"id":23,"priority":10},
{"action":{"type":"block"},"condition":{"urlFilter":"||a7.org/cdn/sdk"},"id":24,"priority":10},
{"action":{"type":"block"},"condition":{"urlFilter":"||a7.org/adblock/"},"id":25,"priority":10},
{"action":{"type":"block"},"condition":{"urlFilter":"||a7.org/scripts/maavaron.js"},"id":26,"priority":10},
{"action":{"type":"block"},"condition":{"urlFilter":"||dwnmedia.a7.org/inntv/media/"},"id":27,"priority":10},
{"action":{"type":"block"},"condition":{"domainType":"thirdParty","initiatorDomains":["walla.co.il"],"requestDomains":["artipbox.net","cooladata.com","firebaseio.com"]},"id":28,"priority":10},
{"action":{"type":"block"},"condition":{"urlFilter":"||inn.co.il/info_en/"},"id":29,"priority":10},
{"action":{"type":"block"},"condition":{"urlFilter":"||inn.co.il/leads/content/upload/"},"id":30,"priority":10},
{"action":{"type":"block"},"condition":{"urlFilter":"||kipa.co.il/banner/"},"id":31,"priority":10},
{"action":{"type":"block"},"condition":{"domainType":"firstParty","initiatorDomains":["6days.walla.co.il","animals.walla.co.il","astrology.walla.co.il","b.walla.co.il","buzzit.walla.co.il","calendar.walla.co.il","cars.walla.co.il","celebs.walla.co.il","e.walla.co.il","elections.walla.co.il","euro.walla.co.il","fashion.walla.co.il","finance.walla.co.il","food.walla.co.il","forums.walla.co.il","fun.walla.co.il","healthy.walla.co.il","home.walla.co.il","judaism.walla.co.il","kids.walla.co.il","mag.walla.co.il","maps.walla.co.il","milon.walla.co.il","movies.walla.co.il","mundial.walla.co.il","nadlan.walla.co.il","news.walla.co.il","nick.walla.co.il","olympics.walla.co.il","search.walla.co.il","sports.walla.co.il","tags.walla.co.il","tech.walla.co.il","translate.walla.co.il","travel.walla.co.il","tv-guide.walla.co.il","tv.walla.co.il","usaelections.walla.co.il","viva.walla.co.il","vod.walla.co.il","weather.walla.co.il","www.walla.co.il"],"resourceTypes":["websocket"],"urlFilter":"||walla.co.il^"},"id":32,"priority":40},
{"action":{"type":"block"},"condition":{"urlFilter":"||bhol.co.il/rich_banners/"},"id":33,"priority":10},
{"action":{"type":"block"},"condition":{"urlFilter":"||ext.bhol.co.il/"},"id":34,"priority":10},
{"action":{"type":"block"},"condition":{"urlFilter":"||a.kikar.co.il/v1/ads"},"id":35,"priority":10},
{"action":{"type":"block"},"condition":{"domainType":"thirdParty","initiatorDomains":["sport5.co.il"],"urlFilter":"||shopupz.com^"},"id":36,"priority":10},
{"action":{"type":"block"},"condition":{"initiatorDomains":["homeprices.yad2.co.il","my.yad2.co.il","pricelist.yad2.co.il","www.yad2.co.il","yad1.yad2.co.il"],"urlFilter":"|blob:"},"id":37,"priority":10},
{"action":{"type":"block"},"condition":{"urlFilter":"||my.yad2.co.il/banner/"},"id":38,"priority":10},
{"action":{"type":"block"},"condition":{"urlFilter":"||my.yad2.co.il/dfpv3/script/desktopmediamanager.js"},"id":39,"priority":10},
{"action":{"type":"block"},"condition":{"urlFilter":"||yad2.co.il/js-new/blockpirsum.js"},"id":40,"priority":10},
{"action":{"type":"block"},"condition":{"urlFilter":"||rotter.net/banners/"},"id":41,"priority":10},
{"action":{"type":"block"},"condition":{"urlFilter":"||rotter.net/edit/text/"},"id":42,"priority":10},
{"action":{"type":"block"},"condition":{"urlFilter":"||beaverscripts.com/openwindow.js"},"id":43,"priority":10},
{"action":{"type":"block"},"condition":{"urlFilter":"||bladna.co.il/public/flash/"},"id":44,"priority":10},
{"action":{"type":"allow"},"condition":{"initiatorDomains":["haaretz.co.il","inn.co.il","isramedia.net","mako.co.il","n12.co.il","pc-dev.co.il","pc.co.il","sport5.co.il","tech12.co.il","themarker.com","tvbee.co.il"],"urlFilter":"||pagead2.googlesyndication.com/pagead/js/adsbygoogle.js"},"id":45,"priority":30},
{"action":{"type":"block"},"condition":{"urlFilter":"||ch10.co.il/wp-content/plugins/arti-banners/components/arti-banner-popup/"},"id":46,"priority":10},
{"action":{"type":"allow"},"condition":{"initiatorDomains":["cinema-city.co.il","cinemacity.co.il"],"urlFilter":"||pas-rahav.com^"},"id":47,"priority":30},
{"action":{"type":"block"},"condition":{"urlFilter":"||leadim4u.com/accounts/default1/banners/"},"id":48,"priority":10},
{"action":{"type":"block"},"condition":{"urlFilter":"||negishim.com/accessibility/"},"id":49,"priority":10},
{"action":{"type":"block"},"condition":{"urlFilter":"||psakdin.co.il/pictures/banners/"},"id":50,"priority":10},
{"action":{"type":"block"},"condition":{"domainType":"thirdParty","requestDomains":["activated.co.il","adland.co.il","boostquery.com","bostonparadise.com","bostonwall.com","browsiprod.com","buballmighty.com","clickon.co.il","depresis.com","erate.co.il","gitam.1host.co.il","linicom.co.il","loopmaze.com","maskoter.com","mitbahon.co.il","nothering.com","regi.tech","sekindo.com","sprawley.com","srvjar.com","talkahead.com","trustmedia.co.il","upapi.net","valuad.cloud","wesell.co.il","wodoka.com","ws.walla.co.il"]},"id":51,"priority":10},
{"action":{"type":"block"},"condition":{"initiatorDomains":["homeprices.yad2.co.il","my.yad2.co.il","pricelist.yad2.co.il","www.yad2.co.il","yad1.yad2.co.il"],"urlFilter":"|blob:"},"id":52,"priority":40},
{"action":{"type":"block"},"condition":{"urlFilter":"||wcdn.co.il/banners/"},"id":53,"priority":10},
{"action":{"type":"block"},"condition":{"urlFilter":"||admin.applicaster.com/v12//7047/channel0_android_banners"},"id":54,"priority":10},
{"action":{"type":"block"},"condition":{"urlFilter":"||apps.mako.co.il/mobile/config/android/sport5/ad_config.xml"},"id":55,"priority":10},
{"action":{"type":"block"},"condition":{"urlFilter":"||apps.mako.co.il/mobile/config/android/sport5/banner_config.xml"},"id":56,"priority":10},
{"action":{"type":"block"},"condition":{"urlFilter":"||fus.walla.co.il/json/5804468/mint.walla_android.homepage/spons"},"id":57,"priority":10},
{"action":{"type":"block"},"condition":{"urlFilter":"||images.yad2.co.il/pic/yad2new/homepage_promotions/prom"},"id":58,"priority":10},
{"action":{"type":"block"},"condition":{"initiatorDomains":["sheee.co.il","walla.co.il"],"resourceTypes":["sub_frame"],"urlFilter":"||stari.world^"},"id":59,"priority":10},
{"action":{"type":"block"},"condition":{"urlFilter":"||m.sport5.co.il/images/dreamteam320x40.png"},"id":60,"priority":10},
{"action":{"type":"block"},"condition":{"urlFilter":"||resources.fortvision.com/staticfiles"},"id":61,"priority":10},
{"action":{"type":"block"},"condition":{"urlFilter":"||sport5.co.il/cm8ads/"},"id":62,"priority":10},
{"action":{"type":"block"},"condition":{"urlFilter":"||static.fortvision.com/staticfiles/fb-web/"},"id":63,"priority":10},
{"action":{"type":"block"},"condition":{"domainType":"firstParty","initiatorDomains":["homeprices.yad2.co.il","my.yad2.co.il","pricelist.yad2.co.il","www.yad2.co.il","yad1.yad2.co.il"],"resourceTypes":["websocket"],"urlFilter":"||yad2.co.il^"},"id":64,"priority":10},
{"action":{"type":"block"},"condition":{"domainType":"firstParty","initiatorDomains":["homeprices.yad2.co.il","my.yad2.co.il","pricelist.yad2.co.il","www.yad2.co.il","yad1.yad2.co.il"],"resourceTypes":["websocket"],"urlFilter":"||yad2.co.il^"},"id":65,"priority":40},
{"action":{"type":"block"},"condition":{"resourceTypes":["image"],"urlFilter":"||img.mako.co.il/2018/*/*/970x90a.jpg|"},"id":66,"priority":10},
{"action":{"type":"block"},"condition":{"initiatorDomains":["bizportal.co.il","calcalist.co.il","globes.co.il","ynet.co.il"],"resourceTypes":["script"],"urlFilter":"||s3.amazonaws.com^"},"id":67,"priority":10},
{"action":{"type":"allow"},"condition":{"initiatorDomains":["inn.co.il"],"resourceTypes":["script"],"urlFilter":"||cdn.taboola.com/libtrc/inn-hebrew/loader.js"},"id":68,"priority":30},
{"action":{"type":"block"},"condition":{"resourceTypes":["script"],"urlFilter":"||fus.walla.co.il/js/purcf/walla.friends.rashi.main"},"id":69,"priority":10},
{"action":{"type":"block"},"condition":{"excludedResourceTypes":["main_frame","script"],"initiatorDomains":["www.mako.co.il"],"urlFilter":"|blob:"},"id":70,"priority":40},
{"action":{"type":"block"},"condition":{"domainType":"thirdParty","initiatorDomains":["13news.co.il","13tv.co.il"],"urlFilter":"||viewbix.com^"},"id":71,"priority":10},
{"action":{"type":"block"},"condition":{"initiatorDomains":["walla.co.il"],"urlFilter":"||xwne.wcdn.co.il^"},"id":72,"priority":10},
{"action":{"type":"block"},"condition":{"resourceTypes":["script","xmlhttprequest"],"urlFilter":"||a7.org/media"},"id":73,"priority":10},
{"action":{"type":"block"},"condition":{"initiatorDomains":["www.hidabroot.org"],"resourceTypes":["script"],"urlFilter":"||ext.hidabroot.org/out/banners.js?webid="},"id":74,"priority":10},
{"action":{"type":"block"},"condition":{"initiatorDomains":["zap.co.il"],"resourceTypes":["script"],"urlFilter":"||cdn1.zoomanalytics.co/js"},"id":75,"priority":10},
{"action":{"type":"block"},"condition":{"initiatorDomains":["0404.co.il","13news.co.il","13tv.co.il","calcalist.co.il","globes.co.il","inn.co.il","mako.co.il","tapuz.co.il","walla.co.il"],"resourceTypes":["script","xmlhttprequest"],"urlFilter":"/amsdk.js"},"id":76,"priority":10},
{"action":{"type":"block"},"condition":{"domainType":"firstParty","initiatorDomains":["www.ynet.co.il"],"resourceTypes":["websocket"],"urlFilter":"||www.ynet.co.il^"},"id":77,"priority":40},
{"action":{"type":"block"},"condition":{"resourceTypes":["xmlhttprequest"],"urlFilter":"||bhol.co.il/system/ad_manager/get_all_banners"},"id":78,"priority":10},
{"action":{"type":"block"},"condition":{"resourceTypes":["sub_frame"],"urlFilter":"||mishpati.co.il/-partners/walla-form"},"id":79,"priority":10},
{"action":{"type":"block"},"condition":{"initiatorDomains":["walla.co.il"],"resourceTypes":["sub_frame"],"urlFilter":"||walla.yad2.co.il/*banner"},"id":80,"priority":10},
{"action":{"type":"block"},"condition":{"initiatorDomains":["ynet.co.il"],"resourceTypes":["sub_frame"],"urlFilter":"||ynetbanneradmin.yit.co.il/assets/"},"id":81,"priority":10},
{"action":{"type":"block"},"condition":{"initiatorDomains":["inn.co.il"],"resourceTypes":["sub_frame"],"urlFilter":"||a7.org/*.html"},"id":82,"priority":10},
{"action":{"type":"block"},"condition":{"resourceTypes":["sub_frame"],"urlFilter":"||moodaot.kipa.co.il/userfiles/moods/"},"id":83,"priority":10},
{"action":{"type":"block"},"condition":{"resourceTypes":["sub_frame"],"urlFilter":"||www.kikar.co.il/a/"},"id":84,"priority":10},
{"action":{"type":"block"},"condition":{"initiatorDomains":["ch10.co.il"],"resourceTypes":["sub_frame"],"urlFilter":"||player.vimeo.com/video/383596619|"},"id":85,"priority":10},
{"action":{"type":"block"},"condition":{"resourceTypes":["sub_frame"],"urlFilter":"||walla.co.il/rotteriframe|"},"id":86,"priority":10},
{"action":{"type":"block"},"condition":{"domainType":"firstParty","initiatorDomains":["13news.co.il","13tv.co.il"],"urlFilter":"/dfp."},"id":87,"priority":10},
{"action":{"type":"block"},"condition":{"domainType":"firstParty","initiatorDomains":["13news.co.il","13tv.co.il"],"urlFilter":"/dfp/"},"id":88,"priority":10},
{"action":{"type":"block"},"condition":{"initiatorDomains":["inn.co.il"],"urlFilter":"||info.a7.org^"},"id":89,"priority":10},
{"action":{"type":"block"},"condition":{"initiatorDomains":["trusted-software.com"],"urlFilter":"||googleusercontent.com^"},"id":90,"priority":10},
{"action":{"type":"block"},"condition":{"initiatorDomains":["morfix.co.il"],"urlFilter":"||warmafterthought.com^"},"id":91,"priority":10},
{"action":{"type":"block"},"condition":{"initiatorDomains":["mail.walla.co.il"],"resourceTypes":["image"],"urlFilter":"||x.walla.co.il^"},"id":92,"priority":10},
{"action":{"type":"block"},"condition":{"initiatorDomains":["ynet.co.il"],"resourceTypes":["script"],"urlFilter":"||dynamicyield.com^"},"id":93,"priority":10},
{"action":{"type":"block"},"condition":{"domainType":"firstParty","initiatorDomains":["www.ynet.co.il"],"resourceTypes":["websocket"],"urlFilter":"||www.ynet.co.il^"},"id":94,"priority":10},
{"action":{"type":"block"},"condition":{"domainType":"firstParty","initiatorDomains":["www.mako.co.il"],"resourceTypes":["websocket"],"urlFilter":"||www.mako.co.il^"},"id":95,"priority":10},
{"action":{"type":"block"},"condition":{"domainType":"firstParty","initiatorDomains":["www.globes.co.il"],"resourceTypes":["websocket"],"urlFilter":"||www.globes.co.il^"},"id":96,"priority":10},
{"action":{"type":"block"},"condition":{"initiatorDomains":["www.kore.co.il"],"resourceTypes":["xmlhttprequest"],"urlFilter":"||www.kore.co.il/system/ad_manager/get_all_banners"},"id":97,"priority":10},
{"action":{"type":"block"},"condition":{"domainType":"firstParty","initiatorDomains":["www.calcalist.co.il"],"resourceTypes":["websocket"],"urlFilter":"||www.calcalist.co.il^"},"id":98,"priority":10},
{"action":{"type":"block"},"condition":{"domainType":"firstParty","initiatorDomains":["13news.co.il"],"resourceTypes":["websocket"],"urlFilter":"||13news.co.il^"},"id":99,"priority":10},
{"action":{"type":"allow"},"condition":{"initiatorDomains":["13news.co.il","13tv.co.il","bizportal.co.il","c14.co.il","calcalist.co.il","channel14.web-prd.immergo.tv","hamal.co.il","maariv.co.il","mako.co.il","n12.co.il","now14.co.il","one.co.il","sport5.co.il","tech12.co.il","tvbee.co.il","ynet.co.il"],"resourceTypes":["script"],"urlFilter":"||imasdk.googleapis.com/js/sdkloader/ima3.js"},"id":100,"priority":30},
{"action":{"type":"block"},"condition":{"domainType":"firstParty","initiatorDomains":["13tv.co.il"],"resourceTypes":["websocket"],"urlFilter":"||13tv.co.il^"},"id":101,"priority":10},
{"action":{"type":"block"},"condition":{"domainType":"thirdParty","urlFilter":"||webid.co.il/b144/"},"id":102,"priority":10},
{"action":{"type":"block"},"condition":{"domainType":"firstParty","initiatorDomains":["sport5.co.il"],"resourceTypes":["websocket"],"urlFilter":"||sport5.co.il^"},"id":103,"priority":10},
{"action":{"type":"block"},"condition":{"domainType":"firstParty","initiatorDomains":["www.bizportal.co.il"],"resourceTypes":["websocket"],"urlFilter":"||www.bizportal.co.il^"},"id":104,"priority":10},
{"action":{"type":"block"},"condition":{"domainType":"firstParty","initiatorDomains":["www.mako.co.il"],"resourceTypes":["websocket"],"urlFilter":"||www.mako.co.il^"},"id":105,"priority":40},
{"action":{"type":"block"},"condition":{"domainType":"thirdParty","initiatorDomains":["ynet.co.il"],"urlFilter":"||trace.events^"},"id":106,"priority":10},
{"action":{"type":"block"},"condition":{"domainType":"firstParty","initiatorDomains":["www.globes.co.il"],"resourceTypes":["websocket"],"urlFilter":"||www.globes.co.il^"},"id":107,"priority":40},
{"action":{"type":"block"},"condition":{"domainType":"firstParty","initiatorDomains":["www.calcalist.co.il"],"resourceTypes":["websocket"],"urlFilter":"||www.calcalist.co.il^"},"id":108,"priority":40},
{"action":{"type":"allow"},"condition":{"initiatorDomains":["c14.co.il","channel14.web-prd.immergo.tv","now14.co.il"],"resourceTypes":["script"],"urlFilter":"||imasdk.googleapis.com/js/sdkloader/ima3_dai.js"},"id":109,"priority":30},
{"action":{"type":"block"},"condition":{"domainType":"firstParty","initiatorDomains":["13news.co.il"],"resourceTypes":["websocket"],"urlFilter":"||13news.co.il^"},"id":110,"priority":40},
{"action":{"type":"block"},"condition":{"domainType":"firstParty","initiatorDomains":["13tv.co.il"],"resourceTypes":["websocket"],"urlFilter":"||13tv.co.il^"},"id":111,"priority":40},
{"action":{"type":"block"},"condition":{"domainType":"thirdParty","urlFilter":"||ban.d-group.co.il/banners/"},"id":112,"priority":10},
{"action":{"redirect":{"extensionPath":"/web_accessible_resources/noop.js"},"type":"redirect"},"condition":{"initiatorDomains":["13news.co.il","13tv.co.il"],"resourceTypes":["script"],"urlFilter":"||taboola.com^"},"id":113,"priority":41},
{"action":{"type":"block"},"condition":{"domainType":"thirdParty","excludedInitiatorDomains":["www-bringthemhomenow-online.filesusr.com"],"resourceTypes":["script"],"urlFilter":"||bringthemhomenow.net^"},"id":114,"priority":10},
{"action":{"type":"block"},"condition":{"domainType":"thirdParty","initiatorDomains":["fxp.co.il"],"resourceTypes":["sub_frame"],"urlFilter":"||widget.walla.co.il/wallaplayer"},"id":115,"priority":10},
{"action":{"type":"allow"},"condition":{"initiatorDomains":["kikar.co.il"],"urlFilter":"||akamai.advsnx.net/cdn/"},"id":116,"priority":30},
{"action":{"type":"allow"},"condition":{"urlFilter":"||akamai.advsnx.net/cdn/walla/"},"id":117,"priority":30},
{"action":{"type":"allow"},"condition":{"initiatorDomains":["one.co.il","walla.co.il"],"urlFilter":"||akamai.advsnx.net/crossdomain.xml"},"id":118,"priority":30},
{"action":{"responseHeaders":[{"header":"content-security-policy","operation":"append","value":"script-src 'self' * blob: data: 'unsafe-inline'"}],"type":"modifyHeaders"},"condition":{"initiatorDomains":["animals.walla.co.il","b.walla.co.il","buzzit.walla.co.il","cars.walla.co.il","celebs.walla.co.il","e.walla.co.il","elections.walla.co.il","fashion.walla.co.il","finance.walla.co.il","food.walla.co.il","healthy.walla.co.il","home.walla.co.il","judaism.walla.co.il","mag.walla.co.il","movies.walla.co.il","nadlan.walla.co.il","news.walla.co.il","sports.walla.co.il","tags.walla.co.il","tech.walla.co.il","travel.walla.co.il","tv-guide.walla.co.il","viva.walla.co.il","vod.walla.co.il","weather.walla.co.il","www.walla.co.il"],"resourceTypes":["main_frame","sub_frame"],"urlFilter":"||walla.co.il^"},"id":119},
{"action":{"redirect":{"extensionPath":"/web_accessible_resources/noop.js"},"type":"redirect"},"condition":{"initiatorDomains":["calcalist.co.il","mako.co.il","n12.co.il","sport5.co.il","tech12.co.il","tvbee.co.il","walla.co.il","yad2.co.il","ynet.co.il"],"resourceTypes":["script"],"urlFilter":"||googlesyndication.com/pagead/js/adsbygoogle.js"},"id":120,"priority":49},
{"action":{"redirect":{"extensionPath":"/web_accessible_resources/2x2.png"},"type":"redirect"},"condition":{"initiatorDomains":["calcalist.co.il","mako.co.il","n12.co.il","tech12.co.il","tvbee.co.il","walla.co.il","yad2.co.il","ynet.co.il"],"resourceTypes":["image"],"urlFilter":"||ad.doubleclick.net/favicon.ico?ad="},"id":121,"priority":41},
{"action":{"type":"allow"},"condition":{"urlFilter":"||bipbip.co.il/style/ads.css"},"id":122,"priority":30},
{"action":{"type":"allow"},"condition":{"urlFilter":"||clalit.co.il/adimages"},"id":123,"priority":30},
{"action":{"type":"allow"},"condition":{"urlFilter":"||globes.co.il/js/ads.js"},"id":124,"priority":30},
{"action":{"type":"allow"},"condition":{"urlFilter":"||globes.co.il/news/inc/banners/show_ads.js"},"id":125,"priority":30},
{"action":{"type":"allow"},"condition":{"initiatorDomains":["13news.co.il","13tv.co.il","nifgashim.net"],"urlFilter":"||googletagservices.com/tag/js/gpt.js"},"id":126,"priority":30},
{"action":{"type":"allow"},"condition":{"urlFilter":"||gplanet.co.il/js/adx.js"},"id":127,"priority":30},
{"action":{"type":"allow"},"condition":{"initiatorDomains":["holmesplace.co.il"],"urlFilter":"||holmesplace.co.il/sites/all/modules"},"id":128,"priority":30},
{"action":{"type":"allow"},"condition":{"urlFilter":"||kikar.co.il/js/ads.js"},"id":129,"priority":30},
{"action":{"type":"allow"},"condition":{"urlFilter":"||lamehadrin.co.il/_layouts/shufersal.yesh/scripts/gtm.js"},"id":130,"priority":30},
{"action":{"type":"allow"},"condition":{"initiatorDomains":["mako.co.il"],"urlFilter":"||lb.advsnx.net/adserver/?zoneid="},"id":131,"priority":30},
{"action":{"type":"allow"},"condition":{"initiatorDomains":["mako.co.il"],"urlFilter":"||lb.advsnx.net/as"},"id":132,"priority":30},
{"action":{"type":"allow"},"condition":{"initiatorDomains":["mako.co.il"],"urlFilter":"||lb.advsnx.net/crossdomain.xml"},"id":133,"priority":30},
{"action":{"type":"allow"},"condition":{"urlFilter":"||matrix.ynet.co.il/js/ga/ads_controller.js"},"id":134,"priority":30},
{"action":{"type":"allow"},"condition":{"initiatorDomains":["sport5.co.il"],"urlFilter":"||pagead2.googlesyndication.com/pagead/js/*/show_ads_impl.js"},"id":135,"priority":30},
{"action":{"redirect":{"extensionPath":"/web_accessible_resources/noop.js"},"type":"redirect"},"condition":{"initiatorDomains":["mako.co.il","n12.co.il","sport5.co.il","tech12.co.il","tvbee.co.il"],"resourceTypes":["xmlhttprequest"],"urlFilter":"||googlesyndication.com/pagead/js/adsbygoogle.js"},"id":136,"priority":41},
{"action":{"type":"allow"},"condition":{"initiatorDomains":["pitaronfree.blogspot.co.il","pitaronfree.blogspot.com"],"urlFilter":"||pagead2.googlesyndication.com/pagead/show_ads.js"},"id":137,"priority":30},
{"action":{"type":"allow"},"condition":{"urlFilter":"||pas-rahav.com/creativitys"},"id":138,"priority":30},
{"action":{"type":"allow"},"condition":{"initiatorDomains":["ynet.co.il"],"urlFilter":"||pubads.g.doubleclick.net/gampad/ad"},"id":139,"priority":30},
{"action":{"type":"allow"},"condition":{"initiatorDomains":["mako.co.il"],"urlFilter":"||pubads.g.doubleclick.net/gampad/ads?ad_rule="},"id":140,"priority":30},
{"action":{"type":"allow"},"condition":{"initiatorDomains":["mako.co.il"],"urlFilter":"||pubads.g.doubleclick.net/gampad/adx?iu="},"id":141,"priority":30},
{"action":{"type":"allow"},"condition":{"urlFilter":"||qamesh.com/images/advert.png"},"id":142,"priority":30},
{"action":{"type":"allow"},"condition":{"initiatorDomains":["13news.co.il","13tv.co.il"],"urlFilter":"||securepubads.g.doubleclick.net/pagead/managed/"},"id":143,"priority":30},
{"action":{"type":"allow"},"condition":{"urlFilter":"||shukitv.ucoz.com/script/ads.js"},"id":144,"priority":30},
{"action":{"type":"allow"},"condition":{"urlFilter":"||tornado-top.co.il/template/images/"},"id":145,"priority":30},
{"action":{"type":"allow"},"condition":{"initiatorDomains":["www-haaretz-co-il.eu1.proxy.openathens.net","www-themarker-com.eu1.proxy.openathens.net"],"urlFilter":"*googlesyndication*/pagead/js/adsbygoogle.js"},"id":146,"priority":30},
{"action":{"type":"allow"},"condition":{"resourceTypes":["stylesheet"],"urlFilter":"||jdn.co.il/wp-content/plugins/jdn_ads/js/info.css"},"id":147,"priority":30},
{"action":{"type":"allow"},"condition":{"initiatorDomains":["calcalist.co.il"],"resourceTypes":["stylesheet"],"urlFilter":"||player.ynet.co.il/videojs-ima/videojs.ads.css"},"id":148,"priority":30},
{"action":{"type":"allow"},"condition":{"initiatorDomains":["13news.co.il","13tv.co.il"],"resourceTypes":["image"],"urlFilter":"/advert."},"id":149,"priority":30},
{"action":{"type":"allow"},"condition":{"initiatorDomains":["isramedia.net"],"resourceTypes":["image"],"urlFilter":"||admedia.com/images/cross_channel_arrows.png"},"id":150,"priority":30},
{"action":{"type":"allow"},"condition":{"resourceTypes":["image"],"urlFilter":"||ads.yad2.co.il/adpic.png"},"id":151,"priority":30},
{"action":{"type":"allow"},"condition":{"initiatorDomains":["inn.co.il"],"resourceTypes":["image"],"urlFilter":"||info.a7.org/info/delivery/lg*.php?"},"id":152,"priority":30},
{"action":{"type":"allow"},"condition":{"resourceTypes":["image"],"urlFilter":"||israelsport.co.il/digiweb/userfiles/images/ads/getty"},"id":153,"priority":30},
{"action":{"type":"allow"},"condition":{"initiatorDomains":["bizportal.co.il"],"resourceTypes":["image","media"],"urlFilter":"||nv.vi-serve.com/vis-media/"},"id":154,"priority":30},
{"action":{"type":"allow"},"condition":{"initiatorDomains":["bizportal.co.il"],"resourceTypes":["image"],"urlFilter":"||t.vi-serve.com/?event="},"id":155,"priority":30},
{"action":{"type":"allow"},"condition":{"initiatorDomains":["wizdom.xyz"],"resourceTypes":["image"],"urlFilter":"||thetvdb.com/banners/"},"id":156,"priority":30},
{"action":{"type":"allow"},"condition":{"initiatorDomains":["maccabi4u.co.il"],"resourceTypes":["image"],"urlFilter":"||translate.google.*/gen204?"},"id":157,"priority":30},
{"action":{"redirect":{"extensionPath":"/web_accessible_resources/noop.js"},"type":"redirect"},"condition":{"initiatorDomains":["walla.co.il"],"resourceTypes":["script"],"urlFilter":"||walla.co.il/dist/scripts/ads/global-targeting.js"},"id":158,"priority":11},
{"action":{"redirect":{"extensionPath":"/web_accessible_resources/noop.js"},"type":"redirect"},"condition":{"initiatorDomains":["yad2.co.il"],"resourceTypes":["script"],"urlFilter":"||yad2.co.il/js-new/showads.js"},"id":159,"priority":11},
{"action":{"type":"allow"},"condition":{"initiatorDomains":["13news.co.il","13tv.co.il","hamal.co.il","mako.co.il","ynet.co.il"],"resourceTypes":["script"],"urlFilter":"||2mdn.net/instream/video/client.js"},"id":160,"priority":30},
{"action":{"type":"allow"},"condition":{"initiatorDomains":["inn.co.il"],"resourceTypes":["script"],"urlFilter":"||a7.org/combine.js"},"id":161,"priority":30},
{"action":{"type":"allow"},"condition":{"initiatorDomains":["inn.co.il"],"resourceTypes":["script"],"urlFilter":"||a7.org/cab/*.min.js"},"id":162,"priority":30},
{"action":{"type":"allow"},"condition":{"initiatorDomains":["inn.co.il"],"resourceTypes":["script"],"urlFilter":"||a7.org/scripts/forecast.js"},"id":163,"priority":30},
{"action":{"type":"allow"},"condition":{"initiatorDomains":["inn.co.il"],"resourceTypes":["script"],"urlFilter":"||a7.org/scripts/jquery/"},"id":164,"priority":30},
{"action":{"type":"allow"},"condition":{"initiatorDomains":["inn.co.il"],"resourceTypes":["script"],"urlFilter":"||a7.org/scripts/mosaic_"},"id":165,"priority":30},
{"action":{"type":"allow"},"condition":{"initiatorDomains":["13news.co.il","13tv.co.il","hamal.co.il","sheee.co.il","walla.co.il","ynet.co.il"],"resourceTypes":["script"],"urlFilter":"||adservice.google.co.il/adsid/integrator.js?"},"id":166,"priority":30},
{"action":{"type":"allow"},"condition":{"initiatorDomains":["13news.co.il","13tv.co.il","hamal.co.il","sheee.co.il","walla.co.il","ynet.co.il"],"resourceTypes":["script"],"urlFilter":"||adservice.google.com/adsid/integrator.js?"},"id":167,"priority":30},
{"action":{"type":"allow"},"condition":{"resourceTypes":["script"],"urlFilter":"||akamai.advsnx.net/cdn/arutz7/"},"id":168,"priority":30},
{"action":{"type":"allow"},"condition":{"initiatorDomains":["israelhayom-cdnwiz.com","israelhayom.co.il"],"resourceTypes":["script"],"urlFilter":"||akamai.advsnx.net/cdn/israelhayom/html5/amsdk.js"},"id":169,"priority":30},
{"action":{"type":"allow"},"condition":{"initiatorDomains":["13news.co.il","13tv.co.il"],"resourceTypes":["script"],"urlFilter":"||akamai.advsnx.net/cdn/reshet/html5/amsdk.js"},"id":170,"priority":30},
{"action":{"type":"allow"},"condition":{"initiatorDomains":["mako.co.il"],"resourceTypes":["script"],"urlFilter":"||akamai.advsnx.net/cdn/sdk/*-min.js?"},"id":171,"priority":30},
{"action":{"type":"allow"},"condition":{"initiatorDomains":["israelhayom-cdnwiz.com","israelhayom.co.il"],"resourceTypes":["script"],"urlFilter":"||akamai.advsnx.net/cdn/sdk/plugins/*/plugin.js"},"id":172,"priority":30},
{"action":{"type":"allow"},"condition":{"initiatorDomains":["13news.co.il","13tv.co.il","israelhayom-cdnwiz.com","israelhayom.co.il"],"resourceTypes":["script"],"urlFilter":"||akamai.advsnx.net/cdn/sdk/plugins/kaltura/plugin.js"},"id":173,"priority":30},
{"action":{"type":"allow"},"condition":{"initiatorDomains":["20il.co.il","ch20-cdnwiz.com","hamal.co.il","sheee.co.il","walla.co.il"],"resourceTypes":["script"],"urlFilter":"||akamai.advsnx.net/cdn/sdk/plugins/vjs/plugin.js"},"id":174,"priority":30},
{"action":{"type":"allow"},"condition":{"initiatorDomains":["mako.co.il"],"resourceTypes":["script"],"urlFilter":"||akamai.advsnx.net/cdn/sdk/system-scripts/sys-moat.js"},"id":175,"priority":30},
{"action":{"type":"allow"},"condition":{"initiatorDomains":["ynet.co.il"],"resourceTypes":["script"],"urlFilter":"||cdn.flowplayer.com/releases/native/stable/plugins/google-analytics.min.js"},"id":176,"priority":30},
{"action":{"type":"allow"},"condition":{"initiatorDomains":["13news.co.il","13tv.co.il"],"resourceTypes":["script"],"urlFilter":"||cdn.taboola.com/libtrc/reshet-reshet/loader.js"},"id":177,"priority":30},
{"action":{"type":"allow"},"condition":{"initiatorDomains":["hamal.co.il"],"resourceTypes":["script"],"urlFilter":"||cdn.taboola.com/libtrc/wallail-hamal/loader.js"},"id":178,"priority":30},
{"action":{"type":"allow"},"condition":{"initiatorDomains":["hamal.co.il","sheee.co.il","walla.co.il"],"resourceTypes":["script"],"urlFilter":"||cdnjs.cloudflare.com/ajax/libs/videojs-contrib-ads/"},"id":179,"priority":30},
{"action":{"type":"allow"},"condition":{"resourceTypes":["script"],"urlFilter":"||dmag.co.il/pub/shvii/"},"id":180,"priority":30},
{"action":{"type":"allow"},"condition":{"initiatorDomains":["13news.co.il","13tv.co.il","one.co.il"],"resourceTypes":["script"],"urlFilter":"||googletagmanager.com/gtag/js?id="},"id":181,"priority":30},
{"action":{"type":"allow"},"condition":{"initiatorDomains":["clalitsmile.co.il","eshet.com","one.co.il"],"resourceTypes":["script"],"urlFilter":"||googletagmanager.com/gtm.js"},"id":182,"priority":30},
{"action":{"redirect":{"extensionPath":"/web_accessible_resources/noop.txt"},"type":"redirect"},"condition":{"initiatorDomains":["hidabroot.org"],"resourceTypes":["xmlhttprequest"],"urlFilter":"||target.hidabroot.org/ad_manager/get_all_banners"},"id":183,"priority":11},
{"action":{"type":"allow"},"condition":{"initiatorDomains":["inn.co.il"],"resourceTypes":["script"],"urlFilter":"||info.a7.org/info/a7delivery_f.php"},"id":184,"priority":30},
{"action":{"type":"allow"},"condition":{"resourceTypes":["script"],"urlFilter":"||info.jdn.co.il/r/a7delivery_f.php?func=floadone"},"id":185,"priority":30},
{"action":{"type":"allow"},"condition":{"resourceTypes":["script"],"urlFilter":"||jdn.co.il/wp-content/plugins/jdn_ads/js/info.js"},"id":186,"priority":30},
{"action":{"type":"allow"},"condition":{"initiatorDomains":["bizportal.co.il"],"resourceTypes":["script"],"urlFilter":"||libs.outbrain.com/video/"},"id":187,"priority":30},
{"action":{"type":"allow"},"condition":{"initiatorDomains":["mako.co.il"],"resourceTypes":["script"],"urlFilter":"||mako.co.il/js/dfp/dfp.js"},"id":188,"priority":30},
{"action":{"type":"allow"},"condition":{"initiatorDomains":["ynet.co.il"],"resourceTypes":["script"],"urlFilter":"||pagead2.googlesyndication.com/omsdk/"},"id":189,"priority":30},
{"action":{"type":"allow"},"condition":{"initiatorDomains":["13news.co.il","13tv.co.il","haaretz.co.il","one.co.il","themarker.com"],"resourceTypes":["script"],"urlFilter":"||partner.googleadservices.com/gpt/pubads_"},"id":190,"priority":30},
{"action":{"type":"allow"},"condition":{"resourceTypes":["script","xmlhttprequest"],"urlFilter":"||rcs.mako.co.il/js/ads.js"},"id":191,"priority":30},
{"action":{"type":"allow"},"condition":{"initiatorDomains":["bizportal.co.il"],"resourceTypes":["script"],"urlFilter":"||s.vi-serve.com/publishers/"},"id":192,"priority":30},
{"action":{"type":"allow"},"condition":{"initiatorDomains":["bizportal.co.il"],"resourceTypes":["script"],"urlFilter":"||s.vi-serve.com/source.m.js"},"id":193,"priority":30},
{"action":{"type":"allow"},"condition":{"initiatorDomains":["bizportal.co.il"],"resourceTypes":["script"],"urlFilter":"||s.vi-serve.com/tagloader.js"},"id":194,"priority":30},
{"action":{"type":"allow"},"condition":{"initiatorDomains":["13news.co.il","13tv.co.il","nifgashim.net"],"resourceTypes":["script"],"urlFilter":"||securepubads.g.doubleclick.net/gampad/ads?gdfp_"},"id":195,"priority":30},
{"action":{"type":"allow"},"condition":{"initiatorDomains":["13news.co.il","13tv.co.il","nifgashim.net"],"resourceTypes":["script"],"urlFilter":"||securepubads.g.doubleclick.net/gpt/"},"id":196,"priority":30},
{"action":{"type":"allow"},"condition":{"initiatorDomains":["13news.co.il","13tv.co.il"],"resourceTypes":["script"],"urlFilter":"||securepubads.g.doubleclick.net/tag/js/"},"id":197,"priority":30},
{"action":{"type":"allow"},"condition":{"initiatorDomains":["one.co.il"],"resourceTypes":["script"],"urlFilter":"||static.site24x7rum.com/beacon/site24x7rum-min.js"},"id":198,"priority":30},
{"action":{"type":"allow"},"condition":{"initiatorDomains":["13news.co.il","13tv.co.il"],"resourceTypes":["script"],"urlFilter":"||tags.dxmdp.com/tags/"},"id":199,"priority":30},
{"action":{"type":"allow"},"condition":{"resourceTypes":["script"],"urlFilter":"||trc.taboola.com/globes-il/"},"id":200,"priority":30},
{"action":{"type":"allow"},"condition":{"resourceTypes":["script"],"urlFilter":"||yad2.co.il/ads.js"},"id":201,"priority":30},
{"action":{"type":"allow"},"condition":{"initiatorDomains":["ynet.co.il"],"resourceTypes":["script"],"urlFilter":"||ynet.co.il/dc/dcloadads/"},"id":202,"priority":30},
{"action":{"type":"allow"},"condition":{"initiatorDomains":["themarker.com"],"resourceTypes":["script"],"urlFilter":"||ampproject.org/amp4ads-"},"id":203,"priority":30},
{"action":{"type":"allow"},"condition":{"resourceTypes":["xmlhttprequest"],"urlFilter":"||555.co.il/pearl/rest/analytics/"},"id":204,"priority":30},
{"action":{"type":"allow"},"condition":{"initiatorDomains":["playern.sport5.co.il"],"resourceTypes":["xmlhttprequest"],"urlFilter":"||adtest.advsnx.net^*?"},"id":205,"priority":30},
{"action":{"type":"allow"},"condition":{"initiatorDomains":["mako.co.il"],"resourceTypes":["xmlhttprequest"],"urlFilter":"||akamai.advsnx.net^"},"id":206,"priority":30},
{"action":{"type":"allow"},"condition":{"resourceTypes":["xmlhttprequest"],"urlFilter":"||cdnwiz.com/ads.js"},"id":207,"priority":30},
{"action":{"type":"allow"},"condition":{"initiatorDomains":["ynet.co.il"],"resourceTypes":["xmlhttprequest"],"urlFilter":"||errors.snackly.co/_.gif|"},"id":208,"priority":30},
{"action":{"type":"allow"},"condition":{"resourceTypes":["xmlhttprequest"],"urlFilter":"||imaot.co.il/recipe/"},"id":209,"priority":30},
{"action":{"type":"allow"},"condition":{"resourceTypes":["xmlhttprequest"],"urlFilter":"||player.bizportal.co.il/handlers/advertising.ashx?"},"id":210,"priority":30},
{"action":{"type":"allow"},"condition":{"initiatorDomains":["mako.co.il","n12.co.il","tech12.co.il","tvbee.co.il"],"resourceTypes":["xmlhttprequest"],"urlFilter":"||rcs.mako.co.il/js/prebid-"},"id":211,"priority":30},
{"action":{"type":"allow"},"condition":{"initiatorDomains":["maccabi4u.co.il"],"resourceTypes":["xmlhttprequest"],"urlFilter":"||report.maccabi.*/cls_report?"},"id":212,"priority":30},
{"action":{"type":"allow"},"condition":{"resourceTypes":["xmlhttprequest"],"urlFilter":"||services.haaretz.co.il/games-backend/"},"id":213,"priority":30},
{"action":{"type":"allow"},"condition":{"initiatorDomains":["bizportal.co.il"],"resourceTypes":["xmlhttprequest"],"urlFilter":"||vis.vi-serve.com/playlist/"},"id":214,"priority":30},
{"action":{"type":"allow"},"condition":{"requestDomains":["old-games.org","taimeod.co.il"],"resourceTypes":["main_frame"]},"id":215,"priority":30},
{"action":{"type":"allow"},"condition":{"domainType":"firstParty","urlFilter":"||bipbip.co.il/images/ads/"},"id":216,"priority":30},
{"action":{"type":"allow"},"condition":{"domainType":"firstParty","resourceTypes":["stylesheet"],"urlFilter":"||hamal.co.il/public/assets/ads/"},"id":217,"priority":30},
{"action":{"type":"allow"},"condition":{"domainType":"firstParty","resourceTypes":["stylesheet"],"urlFilter":"||sheee.co.il/public/assets/videojsads/videojs-contrib-ads."},"id":218,"priority":30},
{"action":{"type":"allow"},"condition":{"domainType":"firstParty","resourceTypes":["stylesheet"],"urlFilter":"||walla.co.il/public/assets/videojsads/videojs-contrib-ads."},"id":219,"priority":30},
{"action":{"type":"allow"},"condition":{"domainType":"firstParty","resourceTypes":["script","stylesheet"],"urlFilter":"||ynet.co.il/common/api/scripts/video/videojs.ads."},"id":220,"priority":30},
{"action":{"type":"allow"},"condition":{"domainType":"firstParty","resourceTypes":["image"],"urlFilter":"||callil.co.il/content/ads/"},"id":221,"priority":30},
{"action":{"type":"allow"},"condition":{"domainType":"firstParty","resourceTypes":["image"],"urlFilter":"||isramedia.net/images/header/"},"id":222,"priority":30},
{"action":{"type":"allow"},"condition":{"domainType":"firstParty","resourceTypes":["image"],"urlFilter":"||yad2.co.il/assets/mobile/ui/adpage/"},"id":223,"priority":30},
{"action":{"type":"allow"},"condition":{"domainType":"firstParty","initiatorDomains":["13news.co.il","13tv.co.il"],"resourceTypes":["script"],"urlFilter":"/ads.js?"},"id":224,"priority":30},
{"action":{"type":"allow"},"condition":{"domainType":"firstParty","initiatorDomains":["13news.co.il","13tv.co.il"],"resourceTypes":["script"],"urlFilter":"/ads.min.js?"},"id":225,"priority":30},
{"action":{"type":"allow"},"condition":{"domainType":"firstParty","initiatorDomains":["13news.co.il","13tv.co.il"],"resourceTypes":["script"],"urlFilter":"/adunits."},"id":226,"priority":30},
{"action":{"type":"allow"},"condition":{"domainType":"firstParty","resourceTypes":["script"],"urlFilter":"||b-share.com/wp-content/*/advertisement."},"id":227,"priority":30},
{"action":{"type":"allow"},"condition":{"domainType":"firstParty","resourceTypes":["script"],"urlFilter":"||hamal.co.il/advertising/ads/gtm.js|"},"id":228,"priority":30},
{"action":{"type":"allow"},"condition":{"domainType":"firstParty","resourceTypes":["script"],"urlFilter":"||hwzone.co.il/wp-content/plugins/wpadverts/assets/js/adverts-frontend.js"},"id":229,"priority":30},
{"action":{"type":"allow"},"condition":{"domainType":"firstParty","resourceTypes":["script"],"urlFilter":"||isramedia.net/ads.js"},"id":230,"priority":30},
{"action":{"type":"allow"},"condition":{"domainType":"firstParty","resourceTypes":["script"],"urlFilter":"||sport5.co.il^*/dfp."},"id":231,"priority":30},
{"action":{"type":"allow"},"condition":{"domainType":"firstParty","resourceTypes":["script"],"urlFilter":"||sport5.co.il^*/dfp/"},"id":232,"priority":30},
{"action":{"type":"allow"},"condition":{"domainType":"firstParty","resourceTypes":["script"],"urlFilter":"||weather2day.co.il/ads.js?"},"id":233,"priority":30},
{"action":{"type":"allow"},"condition":{"domainType":"firstParty","resourceTypes":["xmlhttprequest"],"urlFilter":"||foodsdictionary.co.il/static/"},"id":234,"priority":30},
{"action":{"type":"block"},"condition":{"initiatorDomains":["www.kore.co.il"],"resourceTypes":["script"],"urlFilter":"||ext.kore.co.il/out/"},"id":235,"priority":10},
{"action":{"type":"block"},"condition":{"resourceTypes":["image"],"urlFilter":"||xwbe.wcdn.co.il^"},"id":236,"priority":10},
{"action":{"redirect":{"extensionPath":"/web_accessible_resources/noop.txt"},"type":"redirect"},"condition":{"initiatorDomains":["jmusic.me"],"resourceTypes":["xmlhttprequest"],"urlFilter":"||pagead2.googlesyndication.com/pagead/js/adsbygoogle.js"},"id":237,"priority":11},
{"action":{"redirect":{"extensionPath":"/web_accessible_resources/noop-1s.mp4"},"type":"redirect"},"condition":{"resourceTypes":["media"],"urlFilter":"||kipa.co.il/userfiles/*/prerolls/*/preroll_*.mp4"},"id":238,"priority":11},
{"action":{"redirect":{"extensionPath":"/web_accessible_resources/noop-1s.mp4"},"type":"redirect"},"condition":{"resourceTypes":["media"],"urlFilter":"||kipa.co.il/userfiles/moodaot/*.mp4"},"id":239,"priority":11},
{"action":{"type":"block"},"condition":{"domainType":"thirdParty","excludedInitiatorDomains":["askoli.co.il"],"urlFilter":"||wee.co.il^"},"id":240,"priority":10},
{"action":{"type":"block"},"condition":{"domainType":"thirdParty","excludedInitiatorDomains":["maple-team.com"],"urlFilter":"||3dots.co.il^"},"id":241,"priority":10},
{"action":{"type":"block"},"condition":{"domainType":"thirdParty","resourceTypes":["image"],"urlFilter":"||takana.co.il^"},"id":242,"priority":10},
{"action":{"type":"allow"},"condition":{"resourceTypes":["image"],"urlFilter":"||sfx-images.mozilla.org^"},"id":243,"priority":30},
{"action":{"redirect":{"extensionPath":"/web_accessible_resources/noop-1s.mp4"},"type":"redirect"},"condition":{"resourceTypes":["media"],"urlFilter":"||moodaot.kipa.co.il^*/*.mp4"},"id":244,"priority":11},
{"action":{"redirect":{"extensionPath":"/web_accessible_resources/noop-1s.mp4"},"type":"redirect"},"condition":{"resourceTypes":["media"],"urlFilter":"||jdn.co.il/wp-content/banners/bankleumi/"},"id":245,"priority":11},
{"action":{"redirect":{"extensionPath":"/web_accessible_resources/noop-1s.mp4"},"type":"redirect"},"condition":{"resourceTypes":["media"],"urlFilter":"||jdn.co.il/wp-content/uploads/video/yugort.mp4"},"id":246,"priority":11},
{"action":{"redirect":{"extensionPath":"/web_accessible_resources/noop-1s.mp4"},"type":"redirect"},"condition":{"resourceTypes":["media"],"urlFilter":"||ch10.co.il/wp-content/uploads/2021/*/*.mp4"},"id":247,"priority":11},
{"action":{"redirect":{"extensionPath":"/web_accessible_resources/noop-1s.mp4"},"type":"redirect"},"condition":{"resourceTypes":["media"],"urlFilter":"||hidabroot.wizzo.stream/storage/2024/*/*/original.mp4|"},"id":248,"priority":11},
{"action":{"redirect":{"extensionPath":"/web_accessible_resources/noop.js"},"type":"redirect"},"condition":{"domainType":"firstParty","resourceTypes":["script"],"urlFilter":"||xads.zedo.com/ads2/c?*.one.co.il/"},"id":249,"priority":41},
{"action":{"type":"allow"},"condition":{"resourceTypes":["script"],"urlFilter":"||biu.ac.il^*/stormcaster.js"},"id":250,"priority":30}
]
