[
{"action":{"type":"block"},"condition":{"urlFilter":"-reclameplaatjes/"},"id":1,"priority":10},
{"action":{"type":"block"},"condition":{"urlFilter":"/adbron."},"id":2,"priority":10},
{"action":{"type":"block"},"condition":{"urlFilter":"/adtwee/"},"id":3,"priority":10},
{"action":{"type":"block"},"condition":{"urlFilter":"/adv_tekstlinks."},"id":4,"priority":10},
{"action":{"type":"block"},"condition":{"urlFilter":"/adverteerders/"},"id":5,"priority":10},
{"action":{"type":"block"},"condition":{"urlFilter":"/advertentie-banner-"},"id":6,"priority":10},
{"action":{"type":"block"},"condition":{"excludedInitiatorDomains":["anzeigen-aufgabe-alpha.de","anzeigen-aufgabe-beta.de","anzeigen-aufgabe-test.de","rd.nl"],"urlFilter":"/advertentie."},"id":7,"priority":10},
{"action":{"type":"block"},"condition":{"excludedInitiatorDomains":["anzeigen-aufgabe-alpha.de","anzeigen-aufgabe-beta.de","anzeigen-aufgabe-test.de","rd.nl"],"urlFilter":"/advertentie/"},"id":8,"priority":10},
{"action":{"type":"block"},"condition":{"urlFilter":"/advertentie1."},"id":9,"priority":10},
{"action":{"type":"block"},"condition":{"urlFilter":"/advertentie2/"},"id":10,"priority":10},
{"action":{"type":"block"},"condition":{"urlFilter":"/advertentie_head."},"id":11,"priority":10},
{"action":{"type":"block"},"condition":{"urlFilter":"/advertentieblokje120x20."},"id":12,"priority":10},
{"action":{"type":"block"},"condition":{"urlFilter":"/advertentieblokje300x20."},"id":13,"priority":10},
{"action":{"type":"block"},"condition":{"urlFilter":"/advertenties."},"id":14,"priority":10},
{"action":{"type":"block"},"condition":{"urlFilter":"/advertenties/"},"id":15,"priority":10},
{"action":{"type":"block"},"condition":{"urlFilter":"/bannerlookup."},"id":16,"priority":10},
{"action":{"type":"block"},"condition":{"urlFilter":"/big_reclames/"},"id":17,"priority":10},
{"action":{"type":"block"},"condition":{"urlFilter":"/bolcom-partnerprogramma-wordpress-plugin/"},"id":18,"priority":10},
{"action":{"type":"block"},"condition":{"urlFilter":"/img/recl/"},"id":19,"priority":10},
{"action":{"type":"block"},"condition":{"urlFilter":"/mediahuis-ads/"},"id":20,"priority":10},
{"action":{"type":"block"},"condition":{"urlFilter":"/nmc/adv/"},"id":21,"priority":10},
{"action":{"type":"block"},"condition":{"urlFilter":"/pebble-adhese."},"id":22,"priority":10},
{"action":{"type":"block"},"condition":{"urlFilter":"/prikbordadvertentie_"},"id":23,"priority":10},
{"action":{"type":"block"},"condition":{"urlFilter":"/reclame-extra."},"id":24,"priority":10},
{"action":{"type":"block"},"condition":{"urlFilter":"/reclame-nieuws."},"id":25,"priority":10},
{"action":{"type":"block"},"condition":{"urlFilter":"/reclame2."},"id":26,"priority":10},
{"action":{"type":"block"},"condition":{"urlFilter":"/reclamebanners/"},"id":27,"priority":10},
{"action":{"type":"block"},"condition":{"urlFilter":"/small_reclames/"},"id":28,"priority":10},
{"action":{"type":"block"},"condition":{"urlFilter":"/tekst_advertentie_"},"id":29,"priority":10},
{"action":{"type":"block"},"condition":{"urlFilter":"/topadvertentie."},"id":30,"priority":10},
{"action":{"type":"block"},"condition":{"urlFilter":"_advertentie300x250_"},"id":31,"priority":10},
{"action":{"type":"block"},"condition":{"urlFilter":"_advertentieleaderboardhome."},"id":32,"priority":10},
{"action":{"type":"block"},"condition":{"urlFilter":"||bol.com/nl/upload/banners/"},"id":33,"priority":10},
{"action":{"type":"block"},"condition":{"urlFilter":"||bol.com/nl/upload/partnerprogramma/"},"id":34,"priority":10},
{"action":{"type":"block"},"condition":{"urlFilter":"||centraal.helpmij.nl/images/nieuwsbrief/nod32-colofon.jpg"},"id":35,"priority":10},
{"action":{"type":"block"},"condition":{"initiatorDomains":["feyenoord.nl"],"urlFilter":"||cloudfront.net/-/media/6-parnerships/"},"id":36,"priority":10},
{"action":{"type":"block"},"condition":{"initiatorDomains":["feyenoord.nl"],"urlFilter":"||cloudfront.net/assets/images/partners/"},"id":37,"priority":10},
{"action":{"type":"block"},"condition":{"initiatorDomains":["eredivisie.nl"],"urlFilter":"||cloudfront.net/banners/"},"id":38,"priority":10},
{"action":{"type":"block"},"condition":{"urlFilter":"||infotalia.com/worktalia_promo_"},"id":39,"priority":10},
{"action":{"type":"block"},"condition":{"urlFilter":"||mmcdn.nl/tags/"},"id":40,"priority":10},
{"action":{"type":"block"},"condition":{"initiatorDomains":["viafora.nl"],"urlFilter":"||ouders.nl/uploads/alt/"},"id":41,"priority":10},
{"action":{"type":"block"},"condition":{"initiatorDomains":["intermediair.nl"],"urlFilter":"||pexi.nl/dpos/widget-"},"id":42,"priority":10},
{"action":{"type":"block"},"condition":{"urlFilter":"||pubble.nl/content.svc/getadcollection?"},"id":43,"priority":10},
{"action":{"type":"block"},"condition":{"urlFilter":"||recreatief.nl/kerstarrangementen.gif"},"id":44,"priority":10},
{"action":{"type":"block"},"condition":{"urlFilter":"||s-bol.com/nl/upload/partnerprogramma/"},"id":45,"priority":10},
{"action":{"type":"block"},"condition":{"urlFilter":"||search-result.com^*/klokad2.js"},"id":46,"priority":10},
{"action":{"type":"block"},"condition":{"urlFilter":"||sedproductions.nl/banners/"},"id":47,"priority":10},
{"action":{"type":"block"},"condition":{"urlFilter":"||seks.com/img/bnr.gif"},"id":48,"priority":10},
{"action":{"type":"block"},"condition":{"urlFilter":"||seksbuddy.nl/img/frontend/banners/"},"id":49,"priority":10},
{"action":{"type":"block"},"condition":{"urlFilter":"||swpportal.com/upload/squarebanners/"},"id":50,"priority":10},
{"action":{"type":"block"},"condition":{"initiatorDomains":["albrandswaardsdagblad.nl","barendrechtsdagblad.nl","dagblad010.nl","dagblad070.nl","goudsdagblad.nl","ridderkerksdagblad.nl","rijswijksdagblad.nl","sgxl.nl","startpagina.nl","voorburgsdagblad.nl","zoetermeersdagblad.nl"],"urlFilter":"||viralize.tv/display/"},"id":51,"priority":10},
{"action":{"type":"block"},"condition":{"requestDomains":["a.medialaancdn.be","aa.hwigroup.com","aa.tweakers.nl","ab.hwigroup.com","ab.tweakers.nl","ads.nextday.media","advertising-cdn.dpgmedia.cloud","advertising-module.api.dpgmedia.cloud","cdn.optoutadvertising.com","content1.pcmweb.nl","content1.pu.nl","content1.wasmachines.nl","content1.zoom.nl","content2.besteproduct.nl","content2.kieskeurig.nl","content2.nrc.nl","content2.pu.nl","content2.wasmachines.nl","content2.zoom.nl","crnsgngrpj.nl","cryptobeneluxbanner.care","cryptosplash.care","dntblckmpls.nl","go2.go2cloud.org","kjdsfjisdfjr23.azurewebsites.net","mt67.net","nextdaymedia-ads.s3.amazonaws.com","nojazz.eu","proxy.optoutadserving.com","publize.net","traffic.12flirt.com","trickyrock.com","viadata.store","x9t7g4m2qk2.azurewebsites.net"]},"id":52,"priority":10},
{"action":{"type":"block"},"condition":{"initiatorDomains":["nzbserver.com"],"urlFilter":"||widget.vpnnederland.nl^"},"id":53,"priority":10},
{"action":{"type":"block"},"condition":{"initiatorDomains":["agf.nl","bpnieuws.nl","groentennieuws.nl","uiennieuws.nl"],"urlFilter":"||windows.net/banners/"},"id":54,"priority":10},
{"action":{"type":"block"},"condition":{"urlFilter":"||wp.com/www.bol.com/nl/upload/partnerprogramma/"},"id":55,"priority":10},
{"action":{"type":"block"},"condition":{"urlFilter":"||xmissy.nl/admnfiles1809/sinclub/freechatbanner_"},"id":56,"priority":10},
{"action":{"type":"block"},"condition":{"urlFilter":"||123video.nl^*/300x100_"},"id":57,"priority":10},
{"action":{"type":"block"},"condition":{"urlFilter":"||1twente.nl/ads/"},"id":58,"priority":10},
{"action":{"type":"block"},"condition":{"urlFilter":"||2link.be/banners/"},"id":59,"priority":10},
{"action":{"type":"block"},"condition":{"urlFilter":"||aafm.nl/cms/wp-content/themes/omroepalmelo/img/banners/"},"id":60,"priority":10},
{"action":{"type":"block"},"condition":{"urlFilter":"||abcsuriname.com/images/banners/"},"id":61,"priority":10},
{"action":{"type":"block"},"condition":{"urlFilter":"||adodenhaag.nl/images/banners/"},"id":62,"priority":10},
{"action":{"type":"block"},"condition":{"urlFilter":"||agconnect.nl/sites/ag/files/styles/partner_"},"id":63,"priority":10},
{"action":{"type":"block"},"condition":{"urlFilter":"||am-forum.nl/upload/logo_elektrodump.png"},"id":64,"priority":10},
{"action":{"type":"block"},"condition":{"urlFilter":"||antilliaansdagblad.com/images/banners/"},"id":65,"priority":10},
{"action":{"type":"block"},"condition":{"urlFilter":"||apintie.sr/bannerz/"},"id":66,"priority":10},
{"action":{"type":"block"},"condition":{"urlFilter":"||autosport.nl/images/banner-"},"id":67,"priority":10},
{"action":{"type":"block"},"condition":{"urlFilter":"||autosport.nl/images/banners/"},"id":68,"priority":10},
{"action":{"type":"block"},"condition":{"urlFilter":"||baarsclassicrock.nl/wp-content/uploads/*/banner_"},"id":69,"priority":10},
{"action":{"type":"block"},"condition":{"urlFilter":"||bdsm-vrienden.nl/sb_data/modules/mod_aav/"},"id":70,"priority":10},
{"action":{"type":"block"},"condition":{"urlFilter":"||bdsmgirl.nl/banners/"},"id":71,"priority":10},
{"action":{"type":"block"},"condition":{"urlFilter":"||bdsmgirl.nl^*/banner/"},"id":72,"priority":10},
{"action":{"type":"block"},"condition":{"urlFilter":"||belgiancycling.be^*/banners/"},"id":73,"priority":10},
{"action":{"type":"block"},"condition":{"urlFilter":"||belgiancycling.be^*/logo%27s%20partners/"},"id":74,"priority":10},
{"action":{"type":"block"},"condition":{"urlFilter":"||bloovi.be/frontend/files/banners/"},"id":75,"priority":10},
{"action":{"type":"block"},"condition":{"urlFilter":"||bodemvondstenwereld.nl/images/banners/"},"id":76,"priority":10},
{"action":{"type":"block"},"condition":{"urlFilter":"||boek9.nl/sites/default/files/advertisements/"},"id":77,"priority":10},
{"action":{"type":"block"},"condition":{"urlFilter":"||boek9.nl/sites/default/files/rotating-banners/"},"id":78,"priority":10},
{"action":{"type":"block"},"condition":{"urlFilter":"||bol-an.nl/wp-content/uploads/*/adv_"},"id":79,"priority":10},
{"action":{"type":"block"},"condition":{"urlFilter":"||brandweerspotters.nl/modules/banners/"},"id":80,"priority":10},
{"action":{"type":"block"},"condition":{"urlFilter":"||buzzbie.nl/uploads/banners/"},"id":81,"priority":10},
{"action":{"type":"block"},"condition":{"urlFilter":"||cdn-webcam-harlingen.nl/adv/"},"id":82,"priority":10},
{"action":{"type":"block"},"condition":{"urlFilter":"||chatmetvreemden.be/static/html/"},"id":83,"priority":10},
{"action":{"type":"block"},"condition":{"urlFilter":"||chatmetvreemden.nl/static/html/"},"id":84,"priority":10},
{"action":{"type":"block"},"condition":{"urlFilter":"||christelijknieuws.nl^*/banner/"},"id":85,"priority":10},
{"action":{"type":"block"},"condition":{"urlFilter":"||ciaotutti.nl/wp-content/uploads/banner_"},"id":86,"priority":10},
{"action":{"type":"block"},"condition":{"urlFilter":"||clubbrugge.be^*/partner/"},"id":87,"priority":10},
{"action":{"type":"block"},"condition":{"urlFilter":"||coastline945fm.nl/cache/partners/"},"id":88,"priority":10},
{"action":{"type":"block"},"condition":{"urlFilter":"||coastlinefm.nl/cache/partners/"},"id":89,"priority":10},
{"action":{"type":"block"},"condition":{"urlFilter":"||cryptobenelux.com/wp-content/uploads/*-banner-"},"id":90,"priority":10},
{"action":{"type":"block"},"condition":{"urlFilter":"||cryptobenelux.com/wp-content/uploads/*-banner."},"id":91,"priority":10},
{"action":{"type":"block"},"condition":{"urlFilter":"||cryptobenelux.com/wp-content/uploads/*/banner_"},"id":92,"priority":10},
{"action":{"type":"block"},"condition":{"urlFilter":"||cryptoprijzen.com/cryptoprijzen-widget/"},"id":93,"priority":10},
{"action":{"type":"block"},"condition":{"urlFilter":"||debestevpn.nl/wp-content/*-banner."},"id":94,"priority":10},
{"action":{"type":"block"},"condition":{"urlFilter":"||decibel.nl/wp-content/uploads/*/banner-"},"id":95,"priority":10},
{"action":{"type":"block"},"condition":{"urlFilter":"||dewereldmorgen.be/wp-content/banners/"},"id":96,"priority":10},
{"action":{"type":"block"},"condition":{"urlFilter":"||digitaalburg.com/rn02/wp-content/uploads/*/cornetanimationa-"},"id":97,"priority":10},
{"action":{"type":"block"},"condition":{"urlFilter":"||digitaalburg.com/rn02/wp-content/uploads/*/merkx11.png"},"id":98,"priority":10},
{"action":{"type":"block"},"condition":{"urlFilter":"||digitaalburg.com/rn02/wp-content/uploads/*/roel.jpg"},"id":99,"priority":10},
{"action":{"type":"block"},"condition":{"urlFilter":"||digitaalburg.com/rn02/wp-content/uploads/*/uitwaard21.jpg"},"id":100,"priority":10},
{"action":{"type":"block"},"condition":{"urlFilter":"||digitaalburg.com/rn02/wp-content/uploads/*/vacature-"},"id":101,"priority":10},
{"action":{"type":"block"},"condition":{"urlFilter":"||digitaalburg.com/rn02/wp-content/uploads/*/vertiadvies_"},"id":102,"priority":10},
{"action":{"type":"block"},"condition":{"urlFilter":"||digitaalburg.com/rn02/wp-content/uploads/*/webbanner-"},"id":103,"priority":10},
{"action":{"type":"block"},"condition":{"urlFilter":"||dolcevia.com^*/banners/"},"id":104,"priority":10},
{"action":{"type":"block"},"condition":{"urlFilter":"||duurzaam-actueel.nl^*banner"},"id":105,"priority":10},
{"action":{"type":"block"},"condition":{"urlFilter":"||edelmetaal-info.nl/cdfund-336x280.html"},"id":106,"priority":10},
{"action":{"type":"block"},"condition":{"urlFilter":"||edelmetaal-info.nl/wp-content/uploads/images/goudpensioen/"},"id":107,"priority":10},
{"action":{"type":"block"},"condition":{"urlFilter":"||eredivisie.nl/images/logos/partners/"},"id":108,"priority":10},
{"action":{"type":"block"},"condition":{"urlFilter":"||excellentfm.nl/images/aanbieding/"},"id":109,"priority":10},
{"action":{"type":"block"},"condition":{"urlFilter":"||fanclubbarcelona.nl/viewfile/mainbanner/"},"id":110,"priority":10},
{"action":{"type":"block"},"condition":{"urlFilter":"||farmaline.be/assets/banners/"},"id":111,"priority":10},
{"action":{"type":"block"},"condition":{"urlFilter":"||fcupdate.nl/js/adslot.js"},"id":112,"priority":10},
{"action":{"type":"block"},"condition":{"urlFilter":"||fcutrecht.net/img/banners/"},"id":113,"priority":10},
{"action":{"type":"block"},"condition":{"urlFilter":"||flirtmee.nl/img/160x70_sponsor-"},"id":114,"priority":10},
{"action":{"type":"block"},"condition":{"urlFilter":"||floranews.com/img/banner/"},"id":115,"priority":10},
{"action":{"type":"block"},"condition":{"urlFilter":"||fonkmagazine.nl/adds/"},"id":116,"priority":10},
{"action":{"type":"block"},"condition":{"urlFilter":"||fonkonline.nl/adds/"},"id":117,"priority":10},
{"action":{"type":"block"},"condition":{"urlFilter":"||forum.spaarinformatie.nl/si-info.html"},"id":118,"priority":10},
{"action":{"type":"block"},"condition":{"urlFilter":"||genemuidenactueel.nl^*banner"},"id":119,"priority":10},
{"action":{"type":"block"},"condition":{"urlFilter":"||gic.nl/uploads/fckconnector/"},"id":120,"priority":10},
{"action":{"type":"block"},"condition":{"urlFilter":"||gigantfm.nl/upload/20170420110645812.jpg"},"id":121,"priority":10},
{"action":{"type":"block"},"condition":{"urlFilter":"||gigantfm.nl/upload/20210730122903794.gif"},"id":122,"priority":10},
{"action":{"type":"block"},"condition":{"urlFilter":"||gigantfm.nl/upload/autoonderdelen24_1.png"},"id":123,"priority":10},
{"action":{"type":"block"},"condition":{"urlFilter":"||gigantfm.nl/upload/onderdelenshop.gif"},"id":124,"priority":10},
{"action":{"type":"block"},"condition":{"urlFilter":"||goedkoopstekeukensduitsland.nl/wp-content/uploads/*/i-kook-banner.jpg"},"id":125,"priority":10},
{"action":{"type":"block"},"condition":{"urlFilter":"||goedkoopstekeukensduitsland.nl/wp-content/uploads/*/keuken-ontwerp-aan-huis.jpg"},"id":126,"priority":10},
{"action":{"type":"block"},"condition":{"urlFilter":"||goedkoopstekeukensduitsland.nl/wp-content/uploads/*/keukenplaats.jpg"},"id":127,"priority":10},
{"action":{"type":"block"},"condition":{"urlFilter":"||golf.be/files/bannerimage/"},"id":128,"priority":10},
{"action":{"type":"block"},"condition":{"urlFilter":"||gratissextube.be/banners/"},"id":129,"priority":10},
{"action":{"type":"block"},"condition":{"urlFilter":"||greenkeeper.nl/upload/banners/"},"id":130,"priority":10},
{"action":{"type":"block"},"condition":{"urlFilter":"||greenkeeper.nl/upload/relaties/"},"id":131,"priority":10},
{"action":{"type":"block"},"condition":{"urlFilter":"||groentennieuws.nl^*/banners/"},"id":132,"priority":10},
{"action":{"type":"block"},"condition":{"urlFilter":"||halstadcentraal.nl/images/banners/"},"id":133,"priority":10},
{"action":{"type":"block"},"condition":{"urlFilter":"||handbalstartpunt.nl/content/schoonkapje.gif"},"id":134,"priority":10},
{"action":{"type":"block"},"condition":{"urlFilter":"||handbalstartpunt.nl/images/mizuno-small.jpg"},"id":135,"priority":10},
{"action":{"type":"block"},"condition":{"urlFilter":"||hoekschnieuws.nl/banner/"},"id":136,"priority":10},
{"action":{"type":"block"},"condition":{"urlFilter":"||hoekschnieuws.nl/wp-content/uploads/*/banner-"},"id":137,"priority":10},
{"action":{"type":"block"},"condition":{"urlFilter":"||hotradiohits.nl/image/picture/*_banner."},"id":138,"priority":10},
{"action":{"type":"block"},"condition":{"urlFilter":"||htforum.nl/yabbse/*-banner2.gif"},"id":139,"priority":10},
{"action":{"type":"block"},"condition":{"urlFilter":"||htforum.nl/yabbse/banners/"},"id":140,"priority":10},
{"action":{"type":"block"},"condition":{"urlFilter":"||htforum.nl/yabbse/topframe_v3.php"},"id":141,"priority":10},
{"action":{"type":"block"},"condition":{"urlFilter":"||iex.nl/uploads/banners/"},"id":142,"priority":10},
{"action":{"type":"block"},"condition":{"urlFilter":"||katholiek.nl/wp-content/uploads/*/banner-"},"id":143,"priority":10},
{"action":{"type":"block"},"condition":{"urlFilter":"||kavelplatform.nl/assets/uploads/banners/"},"id":144,"priority":10},
{"action":{"type":"block"},"condition":{"urlFilter":"||kilroynews.net^*banner"},"id":145,"priority":10},
{"action":{"type":"block"},"condition":{"urlFilter":"||klokradio.nl/wp-content/uploads/*/adv-"},"id":146,"priority":10},
{"action":{"type":"block"},"condition":{"urlFilter":"||kranenwebsite.nl/banners/"},"id":147,"priority":10},
{"action":{"type":"block"},"condition":{"urlFilter":"||landenweb.nl/imgboeking/"},"id":148,"priority":10},
{"action":{"type":"block"},"condition":{"urlFilter":"||linqmedia.nl/cwm/fm/userfiles/banner/"},"id":149,"priority":10},
{"action":{"type":"block"},"condition":{"urlFilter":"||loemedia.nl/wp-content/uploads/*/bannerpruisschilderwerken-"},"id":150,"priority":10},
{"action":{"type":"block"},"condition":{"urlFilter":"||loemedia.nl/wp-content/uploads/*/hemabannergroot-"},"id":151,"priority":10},
{"action":{"type":"block"},"condition":{"urlFilter":"||lokaleomroepzeewolde.nl/images/banners/"},"id":152,"priority":10},
{"action":{"type":"block"},"condition":{"urlFilter":"||luister.nl/wp-content/uploads/*/banner_"},"id":153,"priority":10},
{"action":{"type":"block"},"condition":{"urlFilter":"||maarkelsnieuws.nl/banners/"},"id":154,"priority":10},
{"action":{"type":"block"},"condition":{"urlFilter":"||maaslandradio.nl/wp-content/uploads/*/autodoc."},"id":155,"priority":10},
{"action":{"type":"block"},"condition":{"urlFilter":"||maaslandradio.nl/wp-content/uploads/*/banner-"},"id":156,"priority":10},
{"action":{"type":"block"},"condition":{"urlFilter":"||maaslandradio.nl/wp-content/uploads/*/hekwerkland."},"id":157,"priority":10},
{"action":{"type":"block"},"condition":{"urlFilter":"||mandelnieuws.be^*/sponsors/"},"id":158,"priority":10},
{"action":{"type":"block"},"condition":{"urlFilter":"||mannennieuws.nl/wp-content/uploads/*-banner."},"id":159,"priority":10},
{"action":{"type":"block"},"condition":{"urlFilter":"||marktplaats.nl/*/api/complementary-listings?"},"id":160,"priority":10},
{"action":{"type":"block"},"condition":{"urlFilter":"||meerdangewenst.nl^*/sponsors/"},"id":161,"priority":10},
{"action":{"type":"block"},"condition":{"urlFilter":"||metalfan.nl/banners/"},"id":162,"priority":10},
{"action":{"type":"block"},"condition":{"urlFilter":"||midvliet.nl/images/advertenties-"},"id":163,"priority":10},
{"action":{"type":"block"},"condition":{"urlFilter":"||mo.be/sites/default/files/banners/"},"id":164,"priority":10},
{"action":{"type":"block"},"condition":{"urlFilter":"||motocrossplanet.nl/banner/"},"id":165,"priority":10},
{"action":{"type":"block"},"condition":{"urlFilter":"||motocrossplanet.nl/wwwuploads/banners/"},"id":166,"priority":10},
{"action":{"type":"block"},"condition":{"urlFilter":"||motokicx.com/wp-content/uploads/*/banner-"},"id":167,"priority":10},
{"action":{"type":"block"},"condition":{"urlFilter":"||motokicx.com/wp-content/uploads/*/website-ad-"},"id":168,"priority":10},
{"action":{"type":"block"},"condition":{"urlFilter":"||netonline.be/slices/banners/"},"id":169,"priority":10},
{"action":{"type":"block"},"condition":{"urlFilter":"||nevobo.nl^*/sponsor/"},"id":170,"priority":10},
{"action":{"type":"block"},"condition":{"urlFilter":"||niburu.co/images/banners/"},"id":171,"priority":10},
{"action":{"type":"block"},"condition":{"urlFilter":"||nieuwsopbeeld.nl/wp-content/uploads/*/advertentie-"},"id":172,"priority":10},
{"action":{"type":"block"},"condition":{"urlFilter":"||nieuwsuitnijmegen.nl/gfx/banners/"},"id":173,"priority":10},
{"action":{"type":"block"},"condition":{"urlFilter":"||nieuwsuitnijmegen.nl/uploads/banners/"},"id":174,"priority":10},
{"action":{"type":"block"},"condition":{"urlFilter":"||noordkopcentraal.nl^*/banner_"},"id":175,"priority":10},
{"action":{"type":"block"},"condition":{"urlFilter":"||nrc.nl/tag/tag.js"},"id":176,"priority":10},
{"action":{"type":"block"},"condition":{"urlFilter":"||omroeppenm.nl^*/banner/"},"id":177,"priority":10},
{"action":{"type":"block"},"condition":{"urlFilter":"||onderwijsland.com/files/banners/"},"id":178,"priority":10},
{"action":{"type":"block"},"condition":{"urlFilter":"||onderwijsland.com/files/partners/"},"id":179,"priority":10},
{"action":{"type":"block"},"condition":{"urlFilter":"||onlinecorrectie.nl/cnc/"},"id":180,"priority":10},
{"action":{"type":"block"},"condition":{"urlFilter":"||ontdek-amerika.nl/marketing/bartsbanner.gif"},"id":181,"priority":10},
{"action":{"type":"block"},"condition":{"urlFilter":"||oogtv.nl/wp-content/banners/"},"id":182,"priority":10},
{"action":{"type":"block"},"condition":{"urlFilter":"||oops.nl/banner/"},"id":183,"priority":10},
{"action":{"type":"block"},"condition":{"urlFilter":"||openingsurengids.be/includes/js/checkblockv2.js"},"id":184,"priority":10},
{"action":{"type":"block"},"condition":{"urlFilter":"||openingsurengids.be/template/images/publi/"},"id":185,"priority":10},
{"action":{"type":"block"},"condition":{"urlFilter":"||opwindend.net/promotie/"},"id":186,"priority":10},
{"action":{"type":"block"},"condition":{"urlFilter":"||pdd-nos.nl/footer.html"},"id":187,"priority":10},
{"action":{"type":"block"},"condition":{"urlFilter":"||persberichten.com/images/banners/"},"id":188,"priority":10},
{"action":{"type":"block"},"condition":{"urlFilter":"||persberichten.com/images/marcommit/"},"id":189,"priority":10},
{"action":{"type":"block"},"condition":{"urlFilter":"||popinstituut.nl/wp-content/uploads/2014/02/huren.nl"},"id":190,"priority":10},
{"action":{"type":"block"},"condition":{"urlFilter":"||pornokartel.nl/wp-content/uploads/*/wp-script-leaderboard.gif"},"id":191,"priority":10},
{"action":{"type":"block"},"condition":{"urlFilter":"||promootjesite.nl/images/affliatebanner/"},"id":192,"priority":10},
{"action":{"type":"block"},"condition":{"urlFilter":"||puurnaturisme.nl/images/banners/"},"id":193,"priority":10},
{"action":{"type":"block"},"condition":{"urlFilter":"||racexpress.nl/advertising/"},"id":194,"priority":10},
{"action":{"type":"block"},"condition":{"urlFilter":"||racingnews365.nl/images/banners/"},"id":195,"priority":10},
{"action":{"type":"block"},"condition":{"urlFilter":"||radioacacia.nl/sponsoren/"},"id":196,"priority":10},
{"action":{"type":"block"},"condition":{"urlFilter":"||radioeenhoorn.nl/images/maxaro-badkamers-tegels.png"},"id":197,"priority":10},
{"action":{"type":"block"},"condition":{"urlFilter":"||radiolelystad.nl/images/stories/banners/"},"id":198,"priority":10},
{"action":{"type":"block"},"condition":{"urlFilter":"||radioluisteren.fm/ads/"},"id":199,"priority":10},
{"action":{"type":"block"},"condition":{"urlFilter":"||radionl.fm/wp-content/uploads/*/maxiaxi_"},"id":200,"priority":10},
{"action":{"type":"block"},"condition":{"urlFilter":"||radiostadmontfoort.nl/cms/img/ads/"},"id":201,"priority":10},
{"action":{"type":"block"},"condition":{"urlFilter":"||radiovisie.eu/wp-content/banners/"},"id":202,"priority":10},
{"action":{"type":"block"},"condition":{"urlFilter":"||railhobby.nl/wp-content/uploads/*_banner-"},"id":203,"priority":10},
{"action":{"type":"block"},"condition":{"urlFilter":"||rd.nl/deliver.js"},"id":204,"priority":10},
{"action":{"type":"block"},"condition":{"initiatorDomains":["topgear.nl","voetbalverslaafd.nl"],"urlFilter":"||resources.planetnine.com/scripts/"},"id":205,"priority":10},
{"action":{"type":"block"},"condition":{"urlFilter":"||retaildetail.be/sites/default/files/banner/"},"id":206,"priority":10},
{"action":{"type":"block"},"condition":{"urlFilter":"||retaildetail.nl/sites/default/files/banner/"},"id":207,"priority":10},
{"action":{"type":"block"},"condition":{"urlFilter":"||rickfm.nl/cwm/fm/userfiles/banner/"},"id":208,"priority":10},
{"action":{"type":"block"},"condition":{"urlFilter":"||rivierenland-radio.nl/banners/"},"id":209,"priority":10},
{"action":{"type":"block"},"condition":{"urlFilter":"||rtvdordrecht.nl/cwm/fm/userfiles/banner/"},"id":210,"priority":10},
{"action":{"type":"block"},"condition":{"urlFilter":"||rtveen.nl/wp-content/uploads/*-banner-"},"id":211,"priority":10},
{"action":{"type":"block"},"condition":{"urlFilter":"||rtveen.nl/wp-content/uploads/*/banner-"},"id":212,"priority":10},
{"action":{"type":"block"},"condition":{"urlFilter":"||rtvlansingerland.nl/wp-content/uploads/*/zorgvilla.gif"},"id":213,"priority":10},
{"action":{"type":"block"},"condition":{"urlFilter":"||rtvmaastricht.nl/banners/"},"id":214,"priority":10},
{"action":{"type":"block"},"condition":{"urlFilter":"||rtvnof.nl/prowurk/"},"id":215,"priority":10},
{"action":{"type":"block"},"condition":{"urlFilter":"||schie.nu/images/banner/"},"id":216,"priority":10},
{"action":{"type":"block"},"condition":{"urlFilter":"||schuttevaer.nl/partnersites/"},"id":217,"priority":10},
{"action":{"type":"block"},"condition":{"urlFilter":"||seksverhalen.org/telefoonsex.png"},"id":218,"priority":10},
{"action":{"type":"block"},"condition":{"urlFilter":"||seksverhalen.org/vluggertjes.png"},"id":219,"priority":10},
{"action":{"type":"block"},"condition":{"urlFilter":"||sexchatlounge.nl/bannerlinks.html"},"id":220,"priority":10},
{"action":{"type":"block"},"condition":{"urlFilter":"||sexchatlounge.nl/bannerrechts.html"},"id":221,"priority":10},
{"action":{"type":"block"},"condition":{"urlFilter":"||sexervaringendelen.nl/porno/"},"id":222,"priority":10},
{"action":{"type":"block"},"condition":{"urlFilter":"||simone.nl/wp-content/uploads/*-banner-"},"id":223,"priority":10},
{"action":{"type":"block"},"condition":{"urlFilter":"||simone.nl/wp-content/uploads/*-besteonderdelen.nl-"},"id":224,"priority":10},
{"action":{"type":"block"},"condition":{"urlFilter":"||simone.nl/wp-content/uploads/*-onderdelenexpert.nl-"},"id":225,"priority":10},
{"action":{"type":"block"},"condition":{"urlFilter":"||simone.nl/wp-content/uploads/*/tijdelijkkkkk.png"},"id":226,"priority":10},
{"action":{"type":"block"},"condition":{"urlFilter":"||solarmagazine.nl/u/edwin/"},"id":227,"priority":10},
{"action":{"type":"block"},"condition":{"urlFilter":"||spreekbuis.nl/wp-content/uploads/*-banner-"},"id":228,"priority":10},
{"action":{"type":"block"},"condition":{"urlFilter":"||spreekbuis.nl/wp-content/uploads/*/banner-"},"id":229,"priority":10},
{"action":{"type":"block"},"condition":{"urlFilter":"||srherald.com/wp-content/banners/"},"id":230,"priority":10},
{"action":{"type":"block"},"condition":{"urlFilter":"||streamwijzer.be/wp-content/uploads/*-banner."},"id":231,"priority":10},
{"action":{"type":"block"},"condition":{"urlFilter":"||te-les-koop.nl/images/b_"},"id":232,"priority":10},
{"action":{"type":"block"},"condition":{"urlFilter":"||techgaming.nl/image_uploads/sponsored/"},"id":233,"priority":10},
{"action":{"type":"block"},"condition":{"urlFilter":"||tennisplaza.be/wp-content/uploads/*/tennisdirect-"},"id":234,"priority":10},
{"action":{"type":"block"},"condition":{"urlFilter":"||tennisvlaanderen.be/documents/*/19sponsorblok-"},"id":235,"priority":10},
{"action":{"type":"block"},"condition":{"urlFilter":"||tennisvlaanderen.be/documents/*/21sponsorblok-"},"id":236,"priority":10},
{"action":{"type":"block"},"condition":{"urlFilter":"||tijd.be/ad/"},"id":237,"priority":10},
{"action":{"type":"block"},"condition":{"urlFilter":"||touretappe.nl/images/topposblock.html"},"id":238,"priority":10},
{"action":{"type":"block"},"condition":{"urlFilter":"||touretappe.nl/images/xtra/"},"id":239,"priority":10},
{"action":{"type":"block"},"condition":{"urlFilter":"||tpo.nl/broodplank/"},"id":240,"priority":10},
{"action":{"type":"block"},"condition":{"urlFilter":"||tradeidee.nl/banners/"},"id":241,"priority":10},
{"action":{"type":"block"},"condition":{"urlFilter":"||transport-online.nl/site/includes/uploads/banner-"},"id":242,"priority":10},
{"action":{"type":"block"},"condition":{"urlFilter":"||twentefm.nl/directcast/custom/rtvnot/playout/commercials/"},"id":243,"priority":10},
{"action":{"type":"block"},"condition":{"urlFilter":"||uecl-voetbal.nl/derden/"},"id":244,"priority":10},
{"action":{"type":"block"},"condition":{"urlFilter":"||uel-voetbal.nl/derden/"},"id":245,"priority":10},
{"action":{"type":"block"},"condition":{"urlFilter":"||uitslagen.nl/banner/"},"id":246,"priority":10},
{"action":{"type":"block"},"condition":{"urlFilter":"||unity.nu^*/banners/"},"id":247,"priority":10},
{"action":{"type":"block"},"condition":{"urlFilter":"||vagina.nl/fish-hooks/fetch.json"},"id":248,"priority":10},
{"action":{"type":"block"},"condition":{"urlFilter":"||vbro.be/wp-content/uploads/*/autoonderdelen24_"},"id":249,"priority":10},
{"action":{"type":"block"},"condition":{"urlFilter":"||verkeerplaza.nl/js/banner.js"},"id":250,"priority":10},
{"action":{"type":"block"},"condition":{"urlFilter":"||visserijnieuws.nl/images/banners/"},"id":251,"priority":10},
{"action":{"type":"block"},"condition":{"urlFilter":"||vitesse.nl/assets/img/layout/etoro-logo.png"},"id":252,"priority":10},
{"action":{"type":"block"},"condition":{"urlFilter":"||vitesse.nl^*_sponsors_footer.png"},"id":253,"priority":10},
{"action":{"type":"block"},"condition":{"urlFilter":"||vives.nl/wp-content/uploads/*-banner-"},"id":254,"priority":10},
{"action":{"type":"block"},"condition":{"urlFilter":"||vives.nl/wp-content/uploads/banner_"},"id":255,"priority":10},
{"action":{"type":"block"},"condition":{"urlFilter":"||voetbalkrant.com/images/pub/"},"id":256,"priority":10},
{"action":{"type":"block"},"condition":{"urlFilter":"||voetbalnederland.nl/img/bravo.gif"},"id":257,"priority":10},
{"action":{"type":"block"},"condition":{"urlFilter":"||voetbalrotterdam.nl/wp-content/uploads/*/soccerdealbanner1170.jpg"},"id":258,"priority":10},
{"action":{"type":"block"},"condition":{"urlFilter":"||volleybal.nl/uploads/images/banners/"},"id":259,"priority":10},
{"action":{"type":"block"},"condition":{"urlFilter":"||volleybal.nl/uploads/images/logos/"},"id":260,"priority":10},
{"action":{"type":"block"},"condition":{"initiatorDomains":["koken.vtm.be"],"urlFilter":"||vtm.be^*-achtergrond-"},"id":261,"priority":10},
{"action":{"type":"block"},"condition":{"initiatorDomains":["koken.vtm.be"],"urlFilter":"||vtm.be^*-header-"},"id":262,"priority":10},
{"action":{"type":"block"},"condition":{"urlFilter":"||waarzo.nl/imagestore/banners/"},"id":263,"priority":10},
{"action":{"type":"block"},"condition":{"urlFilter":"||waarzo.nl/imagestore/site-banners/"},"id":264,"priority":10},
{"action":{"type":"block"},"condition":{"urlFilter":"||waldnet.nl/images/ac/"},"id":265,"priority":10},
{"action":{"type":"block"},"condition":{"urlFilter":"||wanttoknow.nl^*banner"},"id":266,"priority":10},
{"action":{"type":"block"},"condition":{"urlFilter":"||watersport-tv.nl/content/31400/pages/clnt/"},"id":267,"priority":10},
{"action":{"type":"block"},"condition":{"urlFilter":"||webcam-aalsmeer.nl/media/banners/"},"id":268,"priority":10},
{"action":{"type":"block"},"condition":{"urlFilter":"||webcam-aalsmeer.nl/media/banners2/"},"id":269,"priority":10},
{"action":{"type":"block"},"condition":{"urlFilter":"||webcam-airport.nl/media/banners/"},"id":270,"priority":10},
{"action":{"type":"block"},"condition":{"urlFilter":"||webcam-airport.nl/media/banners2/"},"id":271,"priority":10},
{"action":{"type":"block"},"condition":{"urlFilter":"||webcam-binnenvaart.nl/media/banners/"},"id":272,"priority":10},
{"action":{"type":"block"},"condition":{"urlFilter":"||webcam-binnenvaart.nl/media/banners2/"},"id":273,"priority":10},
{"action":{"type":"block"},"condition":{"urlFilter":"||webcam-blokzijl.nl/media/banners/"},"id":274,"priority":10},
{"action":{"type":"block"},"condition":{"urlFilter":"||webcam-blokzijl.nl/media/banners2/"},"id":275,"priority":10},
{"action":{"type":"block"},"condition":{"urlFilter":"||webcam-brandaris.nl/media/banners/"},"id":276,"priority":10},
{"action":{"type":"block"},"condition":{"urlFilter":"||webcam-brandaris.nl/media/banners2/"},"id":277,"priority":10},
{"action":{"type":"block"},"condition":{"urlFilter":"||webcam-delfzijl.nl/media/banners/"},"id":278,"priority":10},
{"action":{"type":"block"},"condition":{"urlFilter":"||webcam-delfzijl.nl/media/banners2/"},"id":279,"priority":10},
{"action":{"type":"block"},"condition":{"urlFilter":"||webcam-denhelder.nl/media/banners/"},"id":280,"priority":10},
{"action":{"type":"block"},"condition":{"urlFilter":"||webcam-denhelder.nl/media/banners2/"},"id":281,"priority":10},
{"action":{"type":"block"},"condition":{"urlFilter":"||webcam-denoever.nl/media/banners/"},"id":282,"priority":10},
{"action":{"type":"block"},"condition":{"urlFilter":"||webcam-denoever.nl/media/banners2/"},"id":283,"priority":10},
{"action":{"type":"block"},"condition":{"urlFilter":"||webcam-dokkum.nl/media/banners/"},"id":284,"priority":10},
{"action":{"type":"block"},"condition":{"urlFilter":"||webcam-dokkum.nl/media/banners2/"},"id":285,"priority":10},
{"action":{"type":"block"},"condition":{"urlFilter":"||webcam-dordrecht.nl/media/banners/"},"id":286,"priority":10},
{"action":{"type":"block"},"condition":{"urlFilter":"||webcam-dordrecht.nl/media/banners2/"},"id":287,"priority":10},
{"action":{"type":"block"},"condition":{"urlFilter":"||webcam-enkhuizen.nl/media/banners/"},"id":288,"priority":10},
{"action":{"type":"block"},"condition":{"urlFilter":"||webcam-enkhuizen.nl/media/banners2/"},"id":289,"priority":10},
{"action":{"type":"block"},"condition":{"urlFilter":"||webcam-friesemeren.nl/media/banners/"},"id":290,"priority":10},
{"action":{"type":"block"},"condition":{"urlFilter":"||webcam-friesemeren.nl/media/banners2/"},"id":291,"priority":10},
{"action":{"type":"block"},"condition":{"urlFilter":"||webcam-grou.nl/media/banners/"},"id":292,"priority":10},
{"action":{"type":"block"},"condition":{"urlFilter":"||webcam-grou.nl/media/banners2/"},"id":293,"priority":10},
{"action":{"type":"block"},"condition":{"urlFilter":"||webcam-harlingen.nl/media/banners/"},"id":294,"priority":10},
{"action":{"type":"block"},"condition":{"urlFilter":"||webcam-harlingen.nl/media/banners2/"},"id":295,"priority":10},
{"action":{"type":"block"},"condition":{"urlFilter":"||webcam-havenijmuiden.nl/media/banners/"},"id":296,"priority":10},
{"action":{"type":"block"},"condition":{"urlFilter":"||webcam-havenijmuiden.nl/media/banners2/"},"id":297,"priority":10},
{"action":{"type":"block"},"condition":{"urlFilter":"||webcam-hindeloopen.nl/media/banners/"},"id":298,"priority":10},
{"action":{"type":"block"},"condition":{"urlFilter":"||webcam-hindeloopen.nl/media/banners2/"},"id":299,"priority":10},
{"action":{"type":"block"},"condition":{"urlFilter":"||webcam-hoekvanholland.nl/media/banners/"},"id":300,"priority":10},
{"action":{"type":"block"},"condition":{"urlFilter":"||webcam-hoekvanholland.nl/media/banners2/"},"id":301,"priority":10},
{"action":{"type":"block"},"condition":{"urlFilter":"||webcam-kampen.nl/media/banners/"},"id":302,"priority":10},
{"action":{"type":"block"},"condition":{"urlFilter":"||webcam-kampen.nl/media/banners2/"},"id":303,"priority":10},
{"action":{"type":"block"},"condition":{"urlFilter":"||webcam-lauwersoog.nl/media/banners/"},"id":304,"priority":10},
{"action":{"type":"block"},"condition":{"urlFilter":"||webcam-lauwersoog.nl/media/banners2/"},"id":305,"priority":10},
{"action":{"type":"block"},"condition":{"urlFilter":"||webcam-leeuwarden.nl/media/banners/"},"id":306,"priority":10},
{"action":{"type":"block"},"condition":{"urlFilter":"||webcam-leeuwarden.nl/media/banners2/"},"id":307,"priority":10},
{"action":{"type":"block"},"condition":{"urlFilter":"||webcam-lelystad.nl/media/banners/"},"id":308,"priority":10},
{"action":{"type":"block"},"condition":{"urlFilter":"||webcam-lelystad.nl/media/banners2/"},"id":309,"priority":10},
{"action":{"type":"block"},"condition":{"urlFilter":"||webcam-maassluis.nl/media/banners/"},"id":310,"priority":10},
{"action":{"type":"block"},"condition":{"urlFilter":"||webcam-maassluis.nl/media/banners2/"},"id":311,"priority":10},
{"action":{"type":"block"},"condition":{"urlFilter":"||webcam-maastricht.nl/media/banners/"},"id":312,"priority":10},
{"action":{"type":"block"},"condition":{"urlFilter":"||webcam-maastricht.nl/media/banners2/"},"id":313,"priority":10},
{"action":{"type":"block"},"condition":{"urlFilter":"||webcam-marken.nl/media/banners/"},"id":314,"priority":10},
{"action":{"type":"block"},"condition":{"urlFilter":"||webcam-marken.nl/media/banners2/"},"id":315,"priority":10},
{"action":{"type":"block"},"condition":{"urlFilter":"||webcam-monnickendam.nl/media/banners/"},"id":316,"priority":10},
{"action":{"type":"block"},"condition":{"urlFilter":"||webcam-monnickendam.nl/media/banners2/"},"id":317,"priority":10},
{"action":{"type":"block"},"condition":{"urlFilter":"||webcam-rotterdam.nl/media/banners/"},"id":318,"priority":10},
{"action":{"type":"block"},"condition":{"urlFilter":"||webcam-rotterdam.nl/media/banners2/"},"id":319,"priority":10},
{"action":{"type":"block"},"condition":{"urlFilter":"||webcam-sneek.nl/media/banners/"},"id":320,"priority":10},
{"action":{"type":"block"},"condition":{"urlFilter":"||webcam-sneek.nl/media/banners2/"},"id":321,"priority":10},
{"action":{"type":"block"},"condition":{"urlFilter":"||webcam-terneuzen.nl/media/banners/"},"id":322,"priority":10},
{"action":{"type":"block"},"condition":{"urlFilter":"||webcam-terneuzen.nl/media/banners2/"},"id":323,"priority":10},
{"action":{"type":"block"},"condition":{"urlFilter":"||webcam-vlaardingen.nl/media/banners/"},"id":324,"priority":10},
{"action":{"type":"block"},"condition":{"urlFilter":"||webcam-vlaardingen.nl/media/banners2/"},"id":325,"priority":10},
{"action":{"type":"block"},"condition":{"urlFilter":"||webcam-volendam.nl/media/banners/"},"id":326,"priority":10},
{"action":{"type":"block"},"condition":{"urlFilter":"||webcam-volendam.nl/media/banners2/"},"id":327,"priority":10},
{"action":{"type":"block"},"condition":{"urlFilter":"||webcam-workum.nl//media/banners/"},"id":328,"priority":10},
{"action":{"type":"block"},"condition":{"urlFilter":"||webcam-workum.nl/media/banners2/"},"id":329,"priority":10},
{"action":{"type":"block"},"condition":{"urlFilter":"||webcam-zaanzicht.nl/media/banners/"},"id":330,"priority":10},
{"action":{"type":"block"},"condition":{"urlFilter":"||webcam-zaanzicht.nl/media/banners2/"},"id":331,"priority":10},
{"action":{"type":"block"},"condition":{"urlFilter":"||webcam-zoutkamp.nl/media/banners/"},"id":332,"priority":10},
{"action":{"type":"block"},"condition":{"urlFilter":"||webcam-zoutkamp.nl/media/banners2/"},"id":333,"priority":10},
{"action":{"type":"block"},"condition":{"urlFilter":"||webcam-zwartsluis.nl/media/banners/"},"id":334,"priority":10},
{"action":{"type":"block"},"condition":{"urlFilter":"||webcam-zwartsluis.nl/media/banners2/"},"id":335,"priority":10},
{"action":{"type":"block"},"condition":{"urlFilter":"||webcams-ameland.nl/media/banners/"},"id":336,"priority":10},
{"action":{"type":"block"},"condition":{"urlFilter":"||webcams-ameland.nl/media/banners2/"},"id":337,"priority":10},
{"action":{"type":"block"},"condition":{"urlFilter":"||webcams-scheveningen.nl/media/banners/"},"id":338,"priority":10},
{"action":{"type":"block"},"condition":{"urlFilter":"||webcams-scheveningen.nl/media/banners2/"},"id":339,"priority":10},
{"action":{"type":"block"},"condition":{"urlFilter":"||webcams-texel.nl/media/banners/"},"id":340,"priority":10},
{"action":{"type":"block"},"condition":{"urlFilter":"||webcams-texel.nl/media/banners2/"},"id":341,"priority":10},
{"action":{"type":"block"},"condition":{"urlFilter":"||webcams-vlissingen.nl/media/banners/"},"id":342,"priority":10},
{"action":{"type":"block"},"condition":{"urlFilter":"||webcams-vlissingen.nl/media/banners2/"},"id":343,"priority":10},
{"action":{"type":"block"},"condition":{"urlFilter":"||webcamschiermonnikoog.nl/media/banners/"},"id":344,"priority":10},
{"action":{"type":"block"},"condition":{"urlFilter":"||webcamschiermonnikoog.nl/media/banners2/"},"id":345,"priority":10},
{"action":{"type":"block"},"condition":{"urlFilter":"||webcamvlieland.nl/media/banners/"},"id":346,"priority":10},
{"action":{"type":"block"},"condition":{"urlFilter":"||webcamvlieland.nl/media/banners2/"},"id":347,"priority":10},
{"action":{"type":"block"},"condition":{"urlFilter":"||webstick.nl/images/images-ads/"},"id":348,"priority":10},
{"action":{"type":"block"},"condition":{"urlFilter":"||wereldstopcontacten.nl/wp-content/uploads/*/image-aff-nl.jpg"},"id":349,"priority":10},
{"action":{"type":"block"},"condition":{"urlFilter":"||wieringernieuws.nl/gfx/ads/"},"id":350,"priority":10},
{"action":{"type":"block"},"condition":{"urlFilter":"||wijchensnieuws.nl/uploads/banners/"},"id":351,"priority":10},
{"action":{"type":"block"},"condition":{"urlFilter":"||wildfm.nl/wp-content/uploads/*/thumbnail_image002.png"},"id":352,"priority":10},
{"action":{"type":"block"},"condition":{"urlFilter":"||willem-ii.nl/banner/"},"id":353,"priority":10},
{"action":{"type":"block"},"condition":{"urlFilter":"||wp.com/amsterdamactueel.nl/wp-content/uploads/*/728x60_"},"id":354,"priority":10},
{"action":{"type":"block"},"condition":{"urlFilter":"||wp.com/romagazine.nl/14nwsite/wp-content/uploads/2021/07/amstelveen.jpg"},"id":355,"priority":10},
{"action":{"type":"block"},"condition":{"urlFilter":"||wp.com/romagazine.nl/14nwsite/wp-content/uploads/2021/07/coordinatoromgevingsvergunningen-rijksoverheid-"},"id":356,"priority":10},
{"action":{"type":"block"},"condition":{"urlFilter":"||wp.com/romagazine.nl/14nwsite/wp-content/uploads/2021/07/enschede.png"},"id":357,"priority":10},
{"action":{"type":"block"},"condition":{"urlFilter":"||wp.com/romagazine.nl/14nwsite/wp-content/uploads/2021/07/rijksoverheid-"},"id":358,"priority":10},
{"action":{"type":"block"},"condition":{"urlFilter":"||wp.com/romagazine.nl/14nwsite/wp-content/uploads/2021/07/seniorprojectleideralmelo.jpg"},"id":359,"priority":10},
{"action":{"type":"block"},"condition":{"urlFilter":"||wp.com/www.appletips.nl/wp-content/uploads/amacdeals.jpg"},"id":360,"priority":10},
{"action":{"type":"block"},"condition":{"urlFilter":"||wp.com/www.appletips.nl/wp-content/uploads/cnmx.png"},"id":361,"priority":10},
{"action":{"type":"block"},"condition":{"urlFilter":"||wp.com/www.appletips.nl/wp-content/uploads/upgreatest1.png"},"id":362,"priority":10},
{"action":{"type":"block"},"condition":{"urlFilter":"||wp.com/www.regionoordkop.nl/wp-content/uploads/*/banner-"},"id":363,"priority":10},
{"action":{"type":"block"},"condition":{"urlFilter":"||wp.com/www.regionoordkop.nl/wp-content/uploads/*/bdijknov2016336x280.gif"},"id":364,"priority":10},
{"action":{"type":"block"},"condition":{"urlFilter":"||wp.com/www.regionoordkop.nl/wp-content/uploads/*/costa.jpg"},"id":365,"priority":10},
{"action":{"type":"block"},"condition":{"urlFilter":"||yachtfocus.com^*/bnr/"},"id":366,"priority":10},
{"action":{"type":"block"},"condition":{"urlFilter":"||zilverengoudkopen.nl/banners/"},"id":367,"priority":10},
{"action":{"type":"block"},"condition":{"urlFilter":"||zoekhulp.nl/img/bnr-"},"id":368,"priority":10},
{"action":{"type":"block"},"condition":{"urlFilter":"||zwartewaterfm.nl/images/sponsorenzwartewaterfm.jpg"},"id":369,"priority":10},
{"action":{"type":"block"},"condition":{"urlFilter":"||goplay.be/js/sourcepoint/msg?v="},"id":370,"priority":10},
{"action":{"type":"block"},"condition":{"urlFilter":"||knack.be/js/responsive/rmgadcheck.js"},"id":371,"priority":10},
{"action":{"type":"block"},"condition":{"urlFilter":"||biernet.nl/site/plugins/bja_new/redirect.php"},"id":372,"priority":10},
{"action":{"type":"block"},"condition":{"urlFilter":"||cdn.aa.onstuimig.nl/mega-publishers/nieuwspaal.nl.js"},"id":373,"priority":10},
{"action":{"type":"block"},"condition":{"urlFilter":"||e*.knack.be/rest/dialogues/files/*/banner_notificaties_appinstall"},"id":374,"priority":10},
{"action":{"type":"block"},"condition":{"urlFilter":"||tweakers.net/*/build/banners.*.js"},"id":375,"priority":10},
{"action":{"type":"block"},"condition":{"urlFilter":"||itnijs.frl/wp-content/uploads/2017/10/banneritnijs"},"id":376,"priority":10},
{"action":{"type":"block"},"condition":{"initiatorDomains":["nzbserver.com"],"urlFilter":"||widget.vpnnederland.nl/vpnnederland-widget.js"},"id":377,"priority":10},
{"action":{"type":"block"},"condition":{"urlFilter":"||almere-nieuws.nl/banners_*.html"},"id":378,"priority":10},
{"action":{"redirect":{"extensionPath":"/web_accessible_resources/googletagservices_gpt.js"},"type":"redirect"},"condition":{"initiatorDomains":["goplay.be","nieuwsblad.be","play.tv"],"resourceTypes":["script"],"urlFilter":"||securepubads.g.doubleclick.net/tag/js/gpt.js"},"id":379,"priority":11},
{"action":{"type":"block"},"condition":{"urlFilter":"||cdn.ster.nl/banners^"},"id":380,"priority":10},
{"action":{"type":"block"},"condition":{"urlFilter":"||handbalstartpunt.nl/*/uploads_filemanager/banner"},"id":381,"priority":10},
{"action":{"type":"block"},"condition":{"urlFilter":"||nnieuws.be/sites/default/files/banner-*.gif"},"id":382,"priority":10},
{"action":{"type":"block"},"condition":{"urlFilter":"||nnieuws.be/sites/default/files/*-300x300*.gif"},"id":383,"priority":10},
{"action":{"type":"block"},"condition":{"urlFilter":"||oozo.nl/images/zzpbanner.png"},"id":384,"priority":10},
{"action":{"type":"block"},"condition":{"urlFilter":"||mediareader.omroepwest.nl/gaslicht^"},"id":385,"priority":10},
{"action":{"type":"block"},"condition":{"urlFilter":"||unity.nu/media/*/banners/"},"id":386,"priority":10},
{"action":{"type":"block"},"condition":{"urlFilter":"||topomania.net/sites/topomania.net/images/pacnum-promo.png"},"id":387,"priority":10},
{"action":{"type":"block"},"condition":{"urlFilter":"||pornozot.com/js/compiled/exo-"},"id":388,"priority":10},
{"action":{"type":"block"},"condition":{"urlFilter":"||pornozot.com/js/compiled/custom-vendor.js"},"id":389,"priority":10},
{"action":{"type":"block"},"condition":{"initiatorDomains":["allaboutphones.nl"],"urlFilter":"||iframe.gsminfo.nl/*/populair-beknopt^"},"id":390,"priority":10},
{"action":{"type":"block"},"condition":{"initiatorDomains":["kijk.nl"],"urlFilter":"||bs.serving-sys.com/burstingpipe/adserver.bs"},"id":391,"priority":10},
{"action":{"type":"block"},"condition":{"initiatorDomains":["kijk.nl"],"urlFilter":"||cdn.sbsnet.nl/creatives/assets/*.mp4"},"id":392,"priority":10},
{"action":{"type":"block"},"condition":{"initiatorDomains":["puuropreis.nl"],"urlFilter":"||widgets.skyscanner.net^"},"id":393,"priority":10},
{"action":{"type":"block"},"condition":{"urlFilter":"||diomerc.com/baner/"},"id":394,"priority":10},
{"action":{"type":"block"},"condition":{"urlFilter":"||m.telegraaf.nl/static/lib/bva-widget.html?without-raid"},"id":395,"priority":10},
{"action":{"type":"block"},"condition":{"urlFilter":"||pcnltelecom.tdsapi.com/portal/iframe.js"},"id":396,"priority":10},
{"action":{"type":"block"},"condition":{"initiatorDomains":["kijk.nl"],"urlFilter":"||serving-sys.com/*.mp4^"},"id":397,"priority":10},
{"action":{"type":"block"},"condition":{"urlFilter":"||totaaltv.nl/upload/banner-sep-astrasat.gif"},"id":398,"priority":10},
{"action":{"type":"block"},"condition":{"initiatorDomains":["nos.nl"],"urlFilter":"||adconfig.ster.nl^"},"id":399,"priority":10},
{"action":{"type":"block"},"condition":{"initiatorDomains":["start-player.npo.nl"],"resourceTypes":["xmlhttprequest"],"urlFilter":".nl/adurl/"},"id":400,"priority":10},
{"action":{"type":"block"},"condition":{"resourceTypes":["xmlhttprequest"],"urlFilter":"||notebookcheck.nl/fileadmin/sonstiges/amaz_"},"id":401,"priority":10},
{"action":{"type":"block"},"condition":{"initiatorDomains":["nl.express.live"],"urlFilter":"||d33t3vvu2t2yu5.cloudfront.net^"},"id":402,"priority":10},
{"action":{"type":"block"},"condition":{"domainType":"thirdParty","urlFilter":"://promotie."},"id":403,"priority":10},
{"action":{"type":"block"},"condition":{"domainType":"thirdParty","urlFilter":"||bnpparibasmarkets.nl/widget/"},"id":404,"priority":10},
{"action":{"type":"block"},"condition":{"domainType":"thirdParty","urlFilter":"||feenstra-internetservices.nl/?_dnid="},"id":405,"priority":10},
{"action":{"type":"block"},"condition":{"domainType":"thirdParty","urlFilter":"||fx.nl/_ext/widget/"},"id":406,"priority":10},
{"action":{"type":"block"},"condition":{"domainType":"thirdParty","urlFilter":"||jobat.be/extra/trackuityhn/ticker_new.html"},"id":407,"priority":10},
{"action":{"type":"block"},"condition":{"domainType":"thirdParty","urlFilter":"||jobfish.nl/widget/"},"id":408,"priority":10},
{"action":{"type":"block"},"condition":{"domainType":"thirdParty","urlFilter":"||sociaaldigitaal.nl/img/banner-"},"id":409,"priority":10},
{"action":{"type":"block"},"condition":{"domainType":"thirdParty","urlFilter":"||stepstone.be/*?event=widgettool."},"id":410,"priority":10},
{"action":{"type":"block"},"condition":{"domainType":"thirdParty","urlFilter":"||strafrechtadvocaten.nl/media/banner/"},"id":411,"priority":10},
{"action":{"type":"block"},"condition":{"domainType":"thirdParty","requestDomains":["2k19.nl","adcdn.ster.nl","adconfigproxy.azurewebsites.net","adrequest.net","adshim.com","adswag.nl","affilaxy.com","affiliatepartners.com","affiliateprogramma.eu","banner-online.nl","bannersimages.s-bol.com","believe-the-hype.be","botndm.nl","cashpartners.eu","ds1.nl","dt51.net","dt71.net","gratis-neuken.com","nonstoppartner.net","online-banners.nl","optoutadvertising.com","partner.bol.com","partnerprogramma.bol.com","pexi.nl","sp.dpgmedia.net","sponsorkliks.com","static-dscn.net","t.bazarow.com","tools-affil2.com","tools.islive.nl","travelads.be","vpscash.nl","xpartners.nl"]},"id":412,"priority":10},
{"action":{"type":"allow"},"condition":{"initiatorDomains":["cinema.nl"],"resourceTypes":["script","stylesheet"],"urlFilter":"||publiekeomroep.nl^"},"id":413,"priority":30},
{"action":{"type":"allow"},"condition":{"initiatorDomains":["vi.nl"],"urlFilter":"||ads.nextday.media/prebid/jw-video/7.43.0.min.js"},"id":414,"priority":30},
{"action":{"type":"block"},"condition":{"urlFilter":"||24cars.nl/api/advertise-deliver/"},"id":415,"priority":10},
{"action":{"type":"allow"},"condition":{"initiatorDomains":["spelletjes.nl"],"urlFilter":"||improvedigital.com/pbw/headerlift.min.js"},"id":416,"priority":30},
{"action":{"type":"allow"},"condition":{"urlFilter":"||showmodeluitverkoop.nl/upload/advertentie/"},"id":417,"priority":30},
{"action":{"type":"allow"},"condition":{"urlFilter":"||sliedrecht24.nl/wp-content/uploads/2022/02/banner-300x250-1.jpg.webp"},"id":418,"priority":30},
{"action":{"type":"allow"},"condition":{"urlFilter":"||te-les-koop.nl/advertenties.php"},"id":419,"priority":30},
{"action":{"type":"allow"},"condition":{"urlFilter":"||zilverengoudkopen.nl/banners/header.jpg"},"id":420,"priority":30},
{"action":{"type":"allow"},"condition":{"urlFilter":"||zilverengoudkopen.nl/banners/onder.jpg"},"id":421,"priority":30},
{"action":{"type":"allow"},"condition":{"initiatorDomains":["538.nl","hartvannederland.nl","kijk.nl","vandaaginside.nl"],"urlFilter":"||assets.prod.webx.talpa.digital/ad/view/"},"id":422,"priority":30},
{"action":{"type":"allow"},"condition":{"initiatorDomains":["hardware.info"],"urlFilter":"||content.hwigroup.net/images^"},"id":423,"priority":30},
{"action":{"type":"allow"},"condition":{"initiatorDomains":["tweakers.net"],"urlFilter":"||aa.tweakers.nl/json"},"id":424,"priority":30},
{"action":{"type":"allow"},"condition":{"initiatorDomains":["kijk.nl"],"urlFilter":"/prebid/ad.gif?user=*&adid="},"id":425,"priority":30},
{"action":{"type":"allow"},"condition":{"initiatorDomains":["kijk.nl"],"urlFilter":"||ads-talpa.adhese.com/json/"},"id":426,"priority":30},
{"action":{"type":"block"},"condition":{"initiatorDomains":["goplay.be","play.tv"],"urlFilter":"||dai.google.com/ondemand/dash/content/*/time-events.json"},"id":427,"priority":10},
{"action":{"type":"allow"},"condition":{"initiatorDomains":["vtm.be"],"urlFilter":"||videoplayer.dpgmedia.net/*/ad_smartads_.js"},"id":428,"priority":30},
{"action":{"type":"allow"},"condition":{"initiatorDomains":["vtm.be"],"urlFilter":"||videoplayer.persgroep.be/*/ad_smartads_.js"},"id":429,"priority":30},
{"action":{"type":"allow"},"condition":{"urlFilter":"||static.webwereld.nl/javascripts/advert.js"},"id":430,"priority":30},
{"action":{"type":"allow"},"condition":{"initiatorDomains":["player.medialaancdn.be","vtm.be"],"urlFilter":"||v.fwmrm.net/ad/g/1"},"id":431,"priority":30},
{"action":{"type":"allow"},"condition":{"urlFilter":"||static.buienradar.nl/resources/js/advertisement.js"},"id":432,"priority":30},
{"action":{"type":"allow"},"condition":{"urlFilter":"||mmcdn.nl/tags/vkmag.com/"},"id":433,"priority":30},
{"action":{"type":"allow"},"condition":{"urlFilter":"||markup.nieuwsblad.be/extra/assets/advertising/dfp-setup.js"},"id":434,"priority":30},
{"action":{"type":"allow"},"condition":{"urlFilter":"||markup.nieuwsblad.be/extra/assets/advertising/prebid.js"},"id":435,"priority":30},
{"action":{"type":"allow"},"condition":{"initiatorDomains":["standaard.be"],"urlFilter":"||securepubads.g.doubleclick.net/gpt/pubads_impl_*.js"},"id":436,"priority":30},
{"action":{"type":"allow"},"condition":{"initiatorDomains":["standaard.be"],"urlFilter":"||securepubads.g.doubleclick.net/tag/js/gpt.js"},"id":437,"priority":30},
{"action":{"type":"allow"},"condition":{"urlFilter":"||markup.standaard.be/extra/assets/advertising/dfp-setup.js"},"id":438,"priority":30},
{"action":{"type":"allow"},"condition":{"urlFilter":"||markup.standaard.be/extra/assets/advertising/prebid.js"},"id":439,"priority":30},
{"action":{"type":"allow"},"condition":{"initiatorDomains":["qmusic.nl"],"urlFilter":"||player.ooyala.com/static/*/ad-plugin/"},"id":440,"priority":30},
{"action":{"type":"allow"},"condition":{"initiatorDomains":["telegraaf.nl"],"urlFilter":"||media.boomads.com/images^"},"id":441,"priority":30},
{"action":{"type":"block"},"condition":{"urlFilter":"||cdn-tmo.nl^*/banners/"},"id":442,"priority":10},
{"action":{"type":"allow"},"condition":{"initiatorDomains":["radioluisteren.fm"],"resourceTypes":["image"],"urlFilter":"||sync.search.spotxchange.com/partner?source=easi"},"id":443,"priority":30},
{"action":{"type":"allow"},"condition":{"initiatorDomains":["2dehands.be"],"resourceTypes":["image"],"urlFilter":"||images.2dehands.com/api/v1/listing-twh-p/images/ad/"},"id":444,"priority":30},
{"action":{"type":"allow"},"condition":{"initiatorDomains":["computerworld.nl","webwereld.nl"],"resourceTypes":["image"],"urlFilter":"/ad_pics/"},"id":445,"priority":30},
{"action":{"type":"allow"},"condition":{"resourceTypes":["image"],"urlFilter":"||indeleiderstrui.nl/media/"},"id":446,"priority":30},
{"action":{"type":"allow"},"condition":{"initiatorDomains":["autoblog.bbvms.com","omroepbrabant.nl"],"resourceTypes":["script"],"urlFilter":"||2mdn.net/instream/html5/ima3.js"},"id":447,"priority":30},
{"action":{"type":"allow"},"condition":{"initiatorDomains":["crime-nieuws.nl"],"resourceTypes":["script"],"urlFilter":"||ads.viralize.tv/display/?zid="},"id":448,"priority":30},
{"action":{"type":"allow"},"condition":{"initiatorDomains":["radioluisteren.fm"],"resourceTypes":["script"],"urlFilter":"||aka.spotxcdn.com/integration/ados/v1/ados.js"},"id":449,"priority":30},
{"action":{"type":"allow"},"condition":{"initiatorDomains":["autoblog.bbvms.com"],"resourceTypes":["script"],"urlFilter":"||cdn.bluebillywig.com/scripts/prebid/*/bluebillywig_pbjs.js"},"id":450,"priority":30},
{"action":{"type":"allow"},"condition":{"initiatorDomains":["radioluisteren.fm"],"resourceTypes":["script"],"urlFilter":"||cdn.spotxcdn.com/integration/easi/v1/easi.js"},"id":451,"priority":30},
{"action":{"type":"allow"},"condition":{"initiatorDomains":["radioluisteren.fm"],"resourceTypes":["script"],"urlFilter":"||js.spotx.tv/ados/v1/106185.js"},"id":452,"priority":30},
{"action":{"type":"allow"},"condition":{"initiatorDomains":["dailybuzz.nl","radio.nl","welingelichtekringen.nl"],"resourceTypes":["script"],"urlFilter":"||massariuscdn.com/pubs/"},"id":453,"priority":30},
{"action":{"type":"allow"},"condition":{"initiatorDomains":["vkmag.com"],"resourceTypes":["script"],"urlFilter":"||mmcdn.nl/tags/vkmag.com/pagina.js"},"id":454,"priority":30},
{"action":{"type":"allow"},"condition":{"initiatorDomains":["crime-nieuws.nl"],"resourceTypes":["script"],"urlFilter":"||monetize-static.viralize.tv/viralize_player_content."},"id":455,"priority":30},
{"action":{"type":"allow"},"condition":{"initiatorDomains":["radioluisteren.fm"],"resourceTypes":["script"],"urlFilter":"||search.spotxchange.com/js/spotx.js"},"id":456,"priority":30},
{"action":{"type":"block"},"condition":{"urlFilter":"||propertynl.com/media/organization/banners/"},"id":457,"priority":10},
{"action":{"type":"allow"},"condition":{"initiatorDomains":["embed.kijk.nl"],"resourceTypes":["script"],"urlFilter":"||embed.kijk.nl/talpa-jw-skin/js/adsbygoogle.js"},"id":458,"priority":30},
{"action":{"type":"allow"},"condition":{"initiatorDomains":["sportnieuws.nl"],"resourceTypes":["xmlhttprequest"],"urlFilter":"||advertising-module.api.dpgmedia.cloud/video/"},"id":459,"priority":30},
{"action":{"type":"allow"},"condition":{"resourceTypes":["image"],"urlFilter":"||tweakers.net/i^"},"id":460,"priority":30},
{"action":{"type":"allow"},"condition":{"initiatorDomains":["flirtmee.nl"],"resourceTypes":["sub_frame"],"urlFilter":"||tools.vpscash.nl/datingv3/docs/plug_and_play/"},"id":461,"priority":30},
{"action":{"type":"allow"},"condition":{"domainType":"firstParty","resourceTypes":["image"],"urlFilter":"||vinatera.be/wp-content/uploads/*_300x600."},"id":462,"priority":30},
{"action":{"type":"allow"},"condition":{"domainType":"firstParty","resourceTypes":["script"],"urlFilter":"||files.skoften.net/website/lib/vjs/plugins/ads/videojs.ads.min.js"},"id":463,"priority":30},
{"action":{"type":"allow"},"condition":{"domainType":"firstParty","resourceTypes":["script"],"urlFilter":"||looopings.nl/*.js"},"id":464,"priority":30},
{"action":{"type":"block"},"condition":{"resourceTypes":["xmlhttprequest"],"urlFilter":"||wertuipsertj34.azurewebsites.net^"},"id":465,"priority":10},
{"action":{"type":"block"},"condition":{"urlFilter":"||hfg.iuknyw5evnygw9v.nl/*?*=omroepzeeland&direct="},"id":466,"priority":10},
{"action":{"type":"block"},"condition":{"domainType":"thirdParty","resourceTypes":["image"],"urlFilter":"||pornokartel.nl^"},"id":467,"priority":10},
{"action":{"type":"block"},"condition":{"initiatorDomains":["omroepzeeland.nl"],"urlFilter":"||2mdn.net/instream/html5/ima3.js"},"id":468,"priority":40},
{"action":{"type":"allow"},"condition":{"initiatorDomains":["goplay.be","play.tv"],"urlFilter":"||pubads.g.doubleclick.net/ondemand/*/content/*/vid/*/streams"},"id":469,"priority":30},
{"action":{"type":"block"},"condition":{"urlFilter":"||tvvisie.be/textads/textads.js"},"id":470,"priority":10},
{"action":{"type":"allow"},"condition":{"initiatorDomains":["crime-nieuws.nl","dailybuzz.nl","goplay.be","skoften.net","sportnieuws.nl","vtm.be","weerplaza.nl"],"urlFilter":"||imasdk.googleapis.com/js/sdkloader/ima3.js"},"id":471,"priority":30},
{"action":{"type":"allow"},"condition":{"initiatorDomains":["goplay.be"],"urlFilter":"||imasdk.googleapis.com/js/sdkloader/ima3_dai.js"},"id":472,"priority":30},
{"action":{"type":"block"},"condition":{"urlFilter":"||flexwebhosting.nl/banners/"},"id":473,"priority":10},
{"action":{"type":"allow"},"condition":{"domainType":"thirdParty","urlFilter":"||kpn.com^"},"id":474,"priority":30},
{"action":{"type":"allow"},"condition":{"initiatorDomains":["puna.bbvms.com","puna.nl"],"urlFilter":"||2mdn.net/instream/html5/ima3.js"},"id":475,"priority":30},
{"action":{"type":"allow"},"condition":{"initiatorDomains":["goplay.be","play.tv"],"resourceTypes":["script"],"urlFilter":"||imasdk.googleapis.com/js/sdkloader/ima3_dai.js"},"id":476,"priority":30},
{"action":{"type":"allow"},"condition":{"initiatorDomains":["goplay.be","play.tv"],"resourceTypes":["script"],"urlFilter":"||pagead2.googlesyndication.com/omsdk/releases/live/omweb-v1.js"},"id":477,"priority":30},
{"action":{"type":"block"},"condition":{"initiatorDomains":["goplay.be","play.tv"],"urlFilter":"||pubads.g.doubleclick.net/ondemand/*/content/*/vid/*/streams/*/time-events.json"},"id":478,"priority":40},
{"action":{"redirect":{"extensionPath":"/web_accessible_resources/noop-1s.mp4"},"type":"redirect"},"condition":{"initiatorDomains":["nos.nl"],"resourceTypes":["media"],"urlFilter":"||cdn-ster-nl.akamaized.net/sterad_p_*.mp4^"},"id":479,"priority":11},
{"action":{"redirect":{"extensionPath":"/web_accessible_resources/noop-1s.mp4"},"type":"redirect"},"condition":{"initiatorDomains":["npo.nl"],"resourceTypes":["media"],"urlFilter":"||cdn-ster-nl.akamaized.net/*.mp4"},"id":480,"priority":11},
{"action":{"type":"block"},"condition":{"urlFilter":"||boodschappen.nl/wp-json/boodschappen/v1/banners/get_banners"},"id":481,"priority":10},
{"action":{"type":"block"},"condition":{"urlFilter":"||boodschappen.nl/wp-json/boodschappen/v1/banners/get_advertorial"},"id":482,"priority":10},
{"action":{"type":"block"},"condition":{"urlFilter":"||boodschappen.nl/wp-json/boodschappen/v1/banners/get_native_banner"},"id":483,"priority":10},
{"action":{"type":"block"},"condition":{"urlFilter":"||h3v9p8x2q1r7-agckaeh6g2ehcaes.*.azurewebsites.net^"},"id":484,"priority":10},
{"action":{"type":"block"},"condition":{"urlFilter":"||azurewebsites.net/*?player_*[max_ad_dur]=*[adslot]=*&vpaid="},"id":485,"priority":10},
{"action":{"redirect":{"extensionPath":"/web_accessible_resources/noop.js"},"type":"redirect"},"condition":{"initiatorDomains":["goplay.be","play.tv"],"resourceTypes":["script"],"urlFilter":"||pagead2.googlesyndication.com/omsdk/releases/live/omweb-v1.js"},"id":486,"priority":11},
{"action":{"redirect":{"extensionPath":"/web_accessible_resources/noop.js"},"type":"redirect"},"condition":{"initiatorDomains":["goplay.be","play.tv"],"resourceTypes":["script"],"urlFilter":"||imasdk.googleapis.com/js/sdkloader/ima3.js"},"id":487,"priority":11},
{"action":{"type":"block"},"condition":{"urlFilter":"||service-api.nl/api/v2/ad?"},"id":488,"priority":10},
{"action":{"type":"block"},"condition":{"urlFilter":"||gp33.nl/assets/common/ads-helper.js"},"id":489,"priority":10}
]
