[
{"action":{"type":"block"},"condition":{"domainType":"firstParty","initiatorDomains":["00ksw.com","0794.org","123dua.com","123wx.cc","126shu.org","12zw.net","13txt.net","147xiaoshuo.com","17k.com","1biqu.com","1kans.net","1pwx.com","23hh.com","23qb.com","23qb.net","23sk.net","23us.tw","23wxx.com","23xstxt.net","2kk.la","2kxs.info","31xa.org","360xs.com","3yt.com","3yt.la","477zw.com","4xiaoshuo.net","50zw.co","50zw.com","50zww.net","52xs.net","56shuku.info","59xs.com","6666xsw.com","67shu.net","69kshu.win","69zww.com","7017k.net","777zw.net","77xsw.cc","81book.com","91zww.com","93xscc.com","99mk.net","9tiefu.com","a6ksw.net","aidu123.com","aikushuge.com","aiwx.info","aixiashu.info","aixiashu.net","aixs.la","b520.cc","b5200.net","badaoge.org","bbiquge.cc","bbiquge8.net","bequmo.com","bimixsw.com","biqivge.cc","biqudd.com","biqudu.tv","biquge775.com","biquge98.net","biqugecd.com","biqugewu.net","biquke.info","biquluo.info","biqusk.com","biqusk.la","biqutsxs.com","bookszw.com","boquku.com","bqgns.com","bqq999.cc","bqwxg8.com","bshuku.com","bxwx.live","bxwx00.com","changduzw.com","chenkuan.com","chensiwx.com","damengzhu1.com","ddbqgtxt.cc","diyibanzhu9.pro","dizishu.cc","dobiez.com","doupocangqiong.info","dpcq1.com","dpcq1.net","duswx.com","fxsc6.net","gaofuwu.org","gdbzkz.info","hongyeshuzhai.com","ibiquges.com","ibotaodz.org","idzs.org","ijjjxs.net","imianhuatang.info","ishisetianxia.com","ishubao.org","iwurexs.info","ixs.la","jcdf99.com","jieshengit.com","jiezhong.cc","jingwubook.com","jmshuwu.net","kanshushi.com","kudushu.org","lewen123.com","lewenge.cc","lewxs.com","liewenn.com","liudatxt.org","longzu5.net","luoqiu.io","maxreader.la","mayiwsk.com","mcmssc.net","mhtxs.net","mingrenteahouse.com","nuanyuehanxing.com","paoshu8.com","paoshu8.info","paoshuzw.com","piaotian.la","pksge.com","prpcoin.com","qiqidu.net","qishula.com","qishuta.info","qqxsw.so","quge66.com","ranwen.la","rizhaoxs.com","roushuwu6.com","sdhear.com","shanhaimiwenlu.com","shenshuxs.org","shenshuzw.net","shu008.com","shubaowang.cc","shukuge.com","shumi.la","shumil.co","shuquso.com","shuyy8.com","silukex.com","siluwx.org","sinodan.cc","sjks88.com","soduha.la","sthuojia.org","stxsw.com","sxcnw.net","sytxt.cc","tpsge.info","trxs.cc","tutengzw.com","txtduo.com","txtwan.com","tysk.cc","u33.cc","u33.me","wenxuem.com","wenxuemi.cc","whzh-xs.com","wodexiaoshuoh.com","wolaidu1.com","x23us.us","xbiquge99.cc","xbiqugela.com","xbiqugu.la","xbiquke.com","xbiquzw.net","xbotaodz.com","xdingdian.cc","xhytd.com","xiashuyun.com","xiaxs.info","xinremenxs.com","xiumb12.com","xiushukong.com","xpshuku.com","xqishuta.net","xs5200.com","xs7788.com","xsb-xs.com","xshuquge.net","xstt5.com","xszww8.net","xuanjiezhimen.org","xuanshu.la","xuanshu.org","xuessex.com","xvipxs.net","xxbiqudu.com","xygwh.cc","xyuanzunxs.com","yemancomic.com","ygshu.com","yingsx.com","ymxwx.com","yqd6.com","ysxs8.vip","yunxs.info","yuyougu.com","zhuishubox.com","zydu3.com","zzs5.info"],"regexFilter":"\\/\\w{8}\\/\\w{10}\\.","resourceTypes":["script"]},"id":1,"priority":10},
{"action":{"type":"block"},"condition":{"initiatorDomains":["meitui.org"],"regexFilter":"meitui.org\\/[a-z][a-z].js"},"id":2,"priority":10},
{"action":{"type":"block"},"condition":{"initiatorDomains":["meitui.org"],"regexFilter":"meitui.org\\/[a-z].js"},"id":3,"priority":10},
{"action":{"type":"block"},"condition":{"initiatorDomains":["higu.tv"],"regexFilter":"\\/upload\\/[a-z0-9]{7}\\/[0-9]+-[0-9]?\\/[a-z0-9]{32}\\.gif"},"id":4,"priority":10},
{"action":{"type":"block"},"condition":{"initiatorDomains":["dngz.net"],"regexFilter":"dngz.net\\/g\\d+.js"},"id":5,"priority":10},
{"action":{"type":"block"},"condition":{"initiatorDomains":["novipnoad.com"],"regexFilter":"\\/theme\\/js\\/[a-z0-9]{5,}\\.js\\?v="},"id":6,"priority":10},
{"action":{"type":"block"},"condition":{"domainType":"firstParty","initiatorDomains":["pcbeta.com"],"isUrlFilterCaseSensitive":true,"regexFilter":"pcbeta\\.com\\/data\\/cache\\/(?:common)?_[a-z]{14}\\.js\\?","resourceTypes":["script"]},"id":7,"priority":10},
{"action":{"type":"block"},"condition":{"regexFilter":"^(mon|tue|wed|thu|fri|sat|sun)\\d{1,2}\\.\\w{2}\\d{1,6}\\w{4}\\.com$"},"id":8,"priority":10},
{"action":{"type":"block"},"condition":{"domainType":"thirdParty","regexFilter":"^https:\\/\\/zz\\d{4}bb\\d{4}\\.com","resourceTypes":["image"]},"id":9,"priority":10},
{"action":{"type":"block"},"condition":{"domainType":"thirdParty","regexFilter":":\\/\\/666(7|8)[0-9]{2}.xyz\\/","resourceTypes":["image"]},"id":10,"priority":10},
{"action":{"type":"block"},"condition":{"domainType":"thirdParty","regexFilter":"\\.(com|cn|top|xyz)\\/(j|K)\\/[0-9]{6}$","resourceTypes":["script"]},"id":11,"priority":10},
{"action":{"type":"block"},"condition":{"domainType":"thirdParty","regexFilter":"\\.(cyou|ink)\\/[a-z]{4}_[0-9]{5}_[a-z]{5}js\\?","resourceTypes":["script"]},"id":12,"priority":10},
{"action":{"type":"block"},"condition":{"domainType":"thirdParty","initiatorDomains":["gimy.com.tw"],"regexFilter":"\\/[a-z0-9]+$","resourceTypes":["script"]},"id":13,"priority":10},
{"action":{"type":"block"},"condition":{"domainType":"thirdParty","excludedResourceTypes":["image","main_frame"],"initiatorDomains":["7zhens.com","beianxs.com","bijiyd.com","bogeks.com","bowoxs.com","boxue8.cc","buhesw.com","caimozw.com","candoug.com","chahuax.com","cipubook.com","cuaizw.cc","cule9.com","enbusw.com","erzuwk.com","guashuge.com","guwoxs.com","hadu520.com","haduks.com","haduzw.com","hanziwen.com","haxu8.com","heciwk.com","hunshuge.com","jinduxs.com","jinmusb.com","jiufuzw.com","jiutusw.com","kaaiwk.com","luenbook.cc","mafusw.com","meisibook.com","modaoshu.com","mudanxs.com","mzbook.cc","nipubook.com","nuoshuge.com","oushuku.com","pucixs.com","puquz.com","puyewk.com","qubosw.com","quhesw.com","ququsk.cc","riquzw.com","ruyisw.com","scmmxs.com","shanhuxs.com","shuying6.com","tuqisw.com","waguwk.cc","wamuku.cc","wuwusk.com","xingksw.com","xueyisw.com","yawoxs.com","yiyezao.com","zaaizw.com","zahubook.com","zuxiku.com","zuye8.com"],"regexFilter":"\\.[a-z]+[\\:\\/]"},"id":14,"priority":10},
{"action":{"type":"block"},"condition":{"domainType":"thirdParty","regexFilter":"\\.(cc|com|top|xyz)\\/i\\/v$","resourceTypes":["xmlhttprequest"]},"id":16,"priority":10},
{"action":{"type":"block"},"condition":{"domainType":"thirdParty","regexFilter":"\\.[a-z]dyurli[a-z].top\\/","resourceTypes":["script"]},"id":17,"priority":10},
{"action":{"type":"block"},"condition":{"domainType":"thirdParty","regexFilter":"\\.[a-z]domsi[a-z].top\\/","resourceTypes":["script"]},"id":18,"priority":10},
{"action":{"type":"block"},"condition":{"domainType":"firstParty","initiatorDomains":["ad-expo.com","hbhmzt.com","lancaizhu.com","shruxiang.com","xiguashuwu.com"],"regexFilter":"\\/\\w{17}\\/","resourceTypes":["script"]},"id":19,"priority":10},
{"action":{"type":"block"},"condition":{"domainType":"thirdParty","regexFilter":"\\.[a-z]cinma[a-z].top\\/","resourceTypes":["script"]},"id":20,"priority":10},
{"action":{"type":"block"},"condition":{"domainType":"thirdParty","regexFilter":"\\.[a-z]dinma[a-z].top\\/","resourceTypes":["script"]},"id":21,"priority":10},
{"action":{"type":"block"},"condition":{"domainType":"thirdParty","regexFilter":"\\.[a-z]dinmi[a-z].top\\/","resourceTypes":["script"]},"id":22,"priority":10},
{"action":{"type":"block"},"condition":{"regexFilter":"^https:\\/\\/[a-z0-9]+\\.[a-z0-9]+\\.[a-z]{2,3}:\\d{1,6}\\/bug\\?i=\\d+$"},"id":23,"priority":10},
{"action":{"type":"block"},"condition":{"domainType":"thirdParty","isUrlFilterCaseSensitive":true,"regexFilter":"^https:\\/\\/[a-z0-9-]{3,12}\\.[a-z0-9]+\\.com\\/([A-Za-z0-9.]+)(?:\\/([A-Za-z0-9.]+))?\\.\\d{4}\\.(doc|docx|html|jpeg|jpg|js|json|odf|pdf|png|ppt|psd|rtf|shtml|sxml|txt|wedp|wps|xml|xps)\\?\\d{13}$"},"id":24,"priority":10},
{"action":{"type":"block"},"condition":{"regexFilter":"^https:\\/\\/[a-z0-9]+\\.[a-z0-9]+\\.[a-z]{2,3}:\\d{1,6}\\/[a-z]{1,3}\\/\\d+\\?is_not="},"id":25,"priority":10},
{"action":{"type":"block"},"condition":{"domainType":"thirdParty","regexFilter":"^(https|ws|wss):\\/\\/[a-z0-9]+\\.[a-z0-9]+\\.[a-z]{2,3}:\\d{1,6}\\/([a-z]{1,3}\\/){0,1}\\d+\\?[a-z]+=[a-z0-9]+($|&)","resourceTypes":["script","websocket"]},"id":26,"priority":10},
{"action":{"type":"block"},"condition":{"initiatorDomains":["18comic.org","18comic.vip"],"regexFilter":"https?:\\/\\/[^\\/]*18comic\\.(org|vip)\\/static\\/.*?\\d{3}[-xX_]\\d{3}.*?\\.gif"},"id":27,"priority":10},
{"action":{"type":"block"},"condition":{"initiatorDomains":["zxzjhd.com"],"regexFilter":"^https:\\/\\/(www\\.)?zxzjhd\\.com\\/[0-9]+\\.gif"},"id":28,"priority":10},
{"action":{"type":"block"},"condition":{"initiatorDomains":["xiguashuwu.com"],"regexFilter":"^https:\\/\\/www\\.xiguashuwu\\.com\\/[a-z]{15,20}\\/[a-z]{15,20}\\.js\\?v=","resourceTypes":["script"]},"id":29,"priority":10},
{"action":{"type":"block"},"condition":{"regexFilter":"pa.dajiahao*.top"},"id":30,"priority":10},
{"action":{"type":"block"},"condition":{"initiatorDomains":["m.2shuqu.net"],"regexFilter":"^https:\\/\\/m\\.2shuqu\\.net\\/static\\/[a-z0-9]+\\/[a-z0-9]+\\.js","resourceTypes":["script"]},"id":31,"priority":10},
{"action":{"type":"block"},"condition":{"initiatorDomains":["youziks.com"],"regexFilter":"youziks\\.com\\/[0-9]+\\.js","resourceTypes":["script"]},"id":32,"priority":10},
{"action":{"type":"block"},"condition":{"initiatorDomains":["kan.znds.com"],"regexFilter":"^https?:\\/\\/kan\\.znds\\.com\\/public\\/home\\/images\\/[0-9]+-[0-9]+\\.gif\\?v="},"id":33,"priority":10},
{"action":{"type":"block"},"condition":{"initiatorDomains":["38ksw.com"],"regexFilter":"^https:\\/\\/www\\.38ksw\\.com\\/public\\/[0-9]+\\.js"},"id":34,"priority":10},
{"action":{"type":"block"},"condition":{"excludedRequestDomains":["cidetxt.cc"],"initiatorDomains":["cidetxt.cc"],"regexFilter":"[a-z0-9]+\\.[a-z0-9]+\\/","resourceTypes":["script","sub_frame"]},"id":35,"priority":10},
{"action":{"type":"block"},"condition":{"domainType":"thirdParty","isUrlFilterCaseSensitive":true,"regexFilter":"^https:\\/\\/([a-z]+\\.){2}\\w{2,3}\\/\\d{4}\\/\\d{2}\\/\\d{10,}\\.txt$","resourceTypes":["xmlhttprequest"]},"id":36,"priority":10}
]
