[
{
 "action": {
  "redirect": {
   "regexSubstitution": "/strictblock.html#\\0"
  },
  "type": "redirect"
 },
 "condition": {
  "regexFilter": "^https?://.*",
  "requestDomains": [
   "023hysj.com",
   "1mp.mobi",
   "23.224.199.74",
   "23.224.199.96",
   "247realmedia.com",
   "54.222.186.106",
   "883.engine.mobileapptracking.com",
   "a.applvn.com",
   "aag.yahooapis.jp",
   "aatkit.com",
   "abbott.vo.llnwd.net",
   "abnad.net",
   "abroad-ad.kingsoft-office-service.com",
   "abtest.mistat.xiaomi.com",
   "abtest.swrve.com",
   "activity.browser.intl.miui.com",
   "ad-api.ehawk.com",
   "ad-brix.com",
   "ad-channel.wikawika.xyz",
   "ad-creatives-public.commondatastorage.googleapis.com",
   "ad-ettoday.cdn.hinet.net",
   "ad-files.classting.com",
   "ad-splash-tracking.hktvmall.com",
   "ad-splash.hktvmall.com",
   "ad-x.co.uk",
   "ad.apps.fm",
   "ad.apsalar.com",
   "ad.bandlab.io",
   "ad.buzzvil.com",
   "ad.cauly.co.kr",
   "ad.daum.net",
   "ad.deepthought.industries",
   "ad.duapps.com",
   "ad.flipboard.com",
   "ad.inston.ltd",
   "ad.intools.dev",
   "ad.iwhop.cn",
   "ad.jorte.com",
   "ad.leadboltapps.net",
   "ad.leap.app",
   "ad.line-scdn.net",
   "ad.mediamixer.co.kr",
   "ad.mobiuspace.net",
   "ad.nvdvr.cn",
   "ad.ohmyad.co",
   "ad.particlenews.com",
   "ad.period-calendar.com",
   "ad.simpledesign.ltd",
   "ad.smaad.jp",
   "ad.snappea.com",
   "ad.snaptube.app",
   "ad.sxp.smartclip.net",
   "ad.tencentmusic.com",
   "ad.vrvm.com",
   "ad.weibo.com",
   "ad.weplayer.cc",
   "ad.wynk.in",
   "ad.youku.com",
   "ad.zijieapi.com",
   "ad6media.fr",
   "adadvisor.net",
   "adballoon.sooplive.co.kr",
   "adblade.com",
   "adcamp.ru",
   "adcel.co",
   "adcel.vrvm.com",
   "adcenter-api.cashwalk.co",
   "adcolony.com",
   "adcs.myappsget.com",
   "addapptr.com",
   "addata.mediacategory.com",
   "adeeply.ru",
   "adentifi.com",
   "adflake.com",
   "adforgames.com",
   "adfork.co.kr",
   "adform.com",
   "adfox.ru",
   "adg.kajicam.com",
   "adgear.com",
   "adgrx.com",
   "adhitzads.com",
   "adhood.com",
   "adinfo.tango.me",
   "adition.com",
   "adkmob.com",
   "adkwai.com",
   "adleads.com",
   "adlibr.com",
   "adman.gr",
   "admarketing.yahoo.net",
   "admarvel.com",
   "admarvel.s3.amazonaws.com",
   "admedia.com",
   "admicro1.vcmedia.vn",
   "admin.appnext.com",
   "admixer.co.kr",
   "admulti.com",
   "adn.insight.ucweb.com",
   "adnami.io",
   "adonly.com",
   "adpies.com",
   "adplatform.vrtcal.com",
   "adpopcorn.com",
   "adprotected.com",
   "adproxy.tf1.fr",
   "adpublisher.s3.amazonaws.com",
   "adpush.goforandroid.com",
   "adquota.com",
   "ads-ap-venues.yinzcam.com",
   "ads-api.kidsnote.com",
   "ads-bidder-api.twitter.com",
   "ads-bridge.pixocial.com",
   "ads-cdn.hopper.com",
   "ads-chunks.prod.ihrhls.com",
   "ads-cloud.rovio.com",
   "ads-config-engine-noneu.truecaller.com",
   "ads-d.viber.com",
   "ads-delivery.gunosy.com",
   "ads-game-configuration-master.ads.prd.ie.internal.unity3d.com",
   "ads-gdl.imovideo.ru",
   "ads-interfaces.sc-cdn.net",
   "ads-leaseweb.appsgeyser.com",
   "ads-resources.waze.com",
   "ads-router-noneu.truecaller.com",
   "ads-sdk.mattel163.com",
   "ads-sdk.nianticlabs.com",
   "ads-segment-profile-noneu.truecaller.com",
   "ads-server.mxplay.com",
   "ads.ad2iction.com",
   "ads.adadapted.com",
   "ads.adinmotech.com",
   "ads.aerserv.com",
   "ads.aitype.net",
   "ads.appbundledownload.com",
   "ads.appsgeyser.com",
   "ads.bulldogcpi.com",
   "ads.cocomobi.com",
   "ads.edadeal.ru",
   "ads.feelingtouch.com",
   "ads.imbc.com",
   "ads.imovideo.ru",
   "ads.iosappsworld.com",
   "ads.jianchiapp.com",
   "ads.mobilityware.com",
   "ads.mobvertising.net",
   "ads.mopub.com",
   "ads.oppomobile.com",
   "ads.pdbarea.com",
   "ads.pinger.com",
   "ads.rmbl.ws",
   "ads.smrtbid.com",
   "ads.taptapnetworks.com",
   "ads.viber.com",
   "ads.xlxtra.com",
   "adsapi.manhuaren.com",
   "adsapi.snapchat.com",
   "adsassets-ipv6.waze.com",
   "adsassets.waze.com",
   "adsbynimbus.com",
   "adsdk.vrvm.com",
   "adsee.jp",
   "adserver.goforandroid.com",
   "adserver.kimia.es",
   "adserver.pandora.com",
   "adserver.shadow.snapads.com",
   "adservice.tohsoft.com",
   "adsfs.oppomobile.com",
   "adsgard.aprod.scopely.io",
   "adshost2.com",
   "adslog.apexinnotech.com",
   "adslot.uc.cn",
   "adsmo.ru",
   "adsmogo.mobi",
   "adsmogo.net",
   "adsmoloco.com",
   "adsmrapi.imbc.com",
   "adsniper.ru",
   "adspot.tfgapps.com",
   "adsrvr.io",
   "adsrvr.org",
   "adstrategy.biz.weibo.com",
   "adtech.de",
   "adtilt.com",
   "adtimaserver.vn",
   "adtmonetize.com",
   "adtorque.in",
   "adtrack.king.com",
   "adultadworld.com",
   "adv-ettoday.cdn.hinet.net",
   "adv-front.devpnd.com",
   "adv.ettoday.net",
   "adv.mxmcdn.net",
   "adv.sec.intl.miui.com",
   "adversal.com",
   "adverticum.net",
   "advertise.com",
   "advertur.ru",
   "advil.waze.com",
   "advombat.ru",
   "adx-dre.op.hicloud.com",
   "adx-open-service.youku.com",
   "adx-os.bridgeoos.com",
   "adx-sg-req.bridgeoos.com",
   "adx-tk.rayjump.com",
   "adxcorp.kr",
   "adz.mobi",
   "adzerk.net",
   "adzmobi.com",
   "afafb.com",
   "agent.tamedia.com.tw",
   "ahoy-internal-ads-hv.b-cdn.net",
   "ajdivotdelbloab24.jio.com",
   "ali-ad.a.yximgs.com",
   "alt-ad.mail.ru",
   "amanad.adtdp.com",
   "amillionads.com",
   "amobee.com",
   "an.facebook.com",
   "analytics.scalemonk.com",
   "aniview.com",
   "anythinktech.com",
   "aomsitf.com",
   "ap.smardroid.com",
   "api-a.op-mobile.opera.com",
   "api-ad-adapter.wps.com",
   "api-ad-callback.falconnet.app",
   "api-ad-callback.mobiuspace.net",
   "api.ad-locus.com",
   "api.adaether.com",
   "api.ads.newsdigest.jp",
   "api.ads.watchabc.go.com",
   "api.applovefrom.com",
   "api.appnxt.net",
   "api.bridgeoos.com",
   "api.brs.intl.miui.com",
   "api.cloudmobi.net",
   "api.fusepowered.com",
   "api.itpub.cloud",
   "api.kickoffo.site",
   "api.mediation.amberweather.com",
   "api.mobula.ds.duapps.com",
   "api.mobula.sdk.duapps.com",
   "api.myadsget.com",
   "api.newsfeed.intl.miui.com",
   "api.pingstart.com",
   "api.plyair.com",
   "api.sve.cc",
   "api.usebutton.com",
   "api.youngle.tech",
   "apis.appnxt.net",
   "apishow.babybus.com",
   "app-ads-services.com",
   "app.adjust.net.in",
   "app.adjust.world",
   "app.ssp.yahoo.com",
   "appbaqend.com",
   "appboy-images.com",
   "appclick.net",
   "appgift.sinaapp.com",
   "appgiftwall.oss-us-west-1.aliyuncs.com",
   "applifier.com",
   "applovin.com",
   "appnext-a.akamaihd.net",
   "appnext.hs.llnwd.net",
   "appodeal.com",
   "appodealx.com",
   "apppromoteapi.babybus.com",
   "appsdt.com",
   "appserver-ap.com",
   "appshelf.ttpsdk.info",
   "appsrv.display.io",
   "apptornado.com",
   "appwall.tv2phone.cn",
   "aqi.wd.amberweather.com",
   "as.adfonic.net",
   "assoc-amazon.com",
   "astrsk.net",
   "athena.api.kwalee.com",
   "atti.com",
   "audiomob.com",
   "banner.hpmdnetwork.ru",
   "bannerflow.com",
   "banners-slb.mobile.yandex.net",
   "banners.etermax.com",
   "banners.mobile.yandex.net",
   "bannersnack.com",
   "bannerwall.herewetest.com",
   "bannerwall.s3.appcnt.com",
   "bayctrk.com",
   "bcfads.com",
   "bdapi-ads.realmemobile.com",
   "bdapi-in-ads.realmemobile.com",
   "begun.ru",
   "behacdn.ksmobile.net",
   "behance.vo.llnwd.net",
   "beijingzhongnanhai.com",
   "bepolite.eu",
   "bet365affiliates.com",
   "betrad.com",
   "betsonsport.ru",
   "bi.yeshen.com",
   "bidjora.com",
   "bidsms.com",
   "bidsopt.com",
   "bigmobileads.com",
   "bjads.bejbej.ca",
   "black6adv.com",
   "blogads.com",
   "blueduckredapple.com",
   "boostads.net",
   "brealtime.com",
   "bstgms4y.com",
   "bu1.duba.com",
   "bubblesmedia.ru",
   "burstnet.com",
   "buysellads.com",
   "buzzcity.net",
   "buzzonclick.com",
   "c.vrvm.com",
   "c2i.startappnetwork.com",
   "c2s.startappnetwork.com",
   "c8.net.ua",
   "cad.youku.com",
   "cads.scalemonk.com",
   "cafe-latte.myshoplus.com",
   "cashprom.ru",
   "casino-ad-mediation.me2zengame.com",
   "cdn-ad.wtzw.com",
   "cdn-adn.rayjump.com",
   "cdn-api.admost.com",
   "cdn-cf.postitial.com",
   "cdn-image.com",
   "cdn-ketchapp.akamaized.net",
   "cdn-rtb.sape.ru",
   "cdn.appnext.com",
   "cdn.batmobi.net",
   "cdn.jampp.com",
   "cdns.lodeo.io",
   "cdp.cloud.unity3d.com",
   "celtra.com",
   "cf-ads.pinger.com",
   "chango.com",
   "chartboost.com",
   "chartboosts.com",
   "chavoads.com",
   "cl-ad.x-flow.app",
   "client.midosoo.com",
   "clk.taptica.com",
   "cloudads-a.akamaihd.net",
   "cls.vrvm.com",
   "cmshow.gtimg.cn",
   "common.duapps.com",
   "comscore.com",
   "config.appjolt.com",
   "config.tremorhub.com",
   "configuration.ttpsdk.info",
   "configure.rayjump.com",
   "consent.easybrain.com",
   "contextualadv.com",
   "cp.pushwoosh.com",
   "cpactions.com",
   "crispadvertising.com",
   "criteo.com",
   "criteo.net",
   "cross-promo-provider.easybrain.com",
   "crossadsapi.ecomobileapp.com",
   "crossboardmobile.com",
   "crosspromo.voodoo.io",
   "crosspromotion-us.avosapps.us",
   "crosspromotion.weplayer.cc",
   "cs02-pps-drcn.dbankcdn.com",
   "csi.gstatic.com",
   "ctl.buyt.in",
   "d.kugou.com",
   "d19xf4taj229i8.cloudfront.net",
   "d239g0z67jcted.cloudfront.net",
   "d2nrdy2pg3k168.cloudfront.net",
   "d32z5ni8t5127x.cloudfront.net",
   "d3hdbjtb1686tn.cloudfront.net",
   "d830x8j3o1b2k.cloudfront.net",
   "dad-api.dcard.tw",
   "data-optout-service.uca.cloud.unity3d.com",
   "data2.doodlemobile.com",
   "datafinder-beacon.starii-rover.com",
   "dataflow.biliapi.com",
   "datk.bridgeoos.com",
   "deapi.sooplive.co.kr",
   "debojuagug1sf.cloudfront.net",
   "delivery-cdn-cf.adswizz.com",
   "deliveryengine.adswizz.com",
   "dev.appboy.com",
   "displayio.cloud",
   "disqusads.com",
   "dl-adx.op-mobile.opera.com",
   "dm.isnssdk.com",
   "dm.toutiao.com",
   "dollphoin.site",
   "dotomi.com",
   "downloadshi.b-cdn.net",
   "drbbzzs.xyz",
   "dsp-api.moloco.com",
   "dspunion.com",
   "dumedia.ru",
   "dzpu6za66svjl.cloudfront.net",
   "e-planning.net",
   "e.apsalar.com",
   "e.qq.com",
   "eltrafiko.com",
   "emediate.eu",
   "epom.com",
   "erg.ihclam.cn",
   "et-code.ru",
   "etargetnet.com",
   "etl.tindersparks.com",
   "euadsapi.manhuaren.com",
   "everestop.io",
   "exe.bid",
   "exelbid.com",
   "exponential.com",
   "external-api.impression-neo.naver.com",
   "featured.perfectionholic.com",
   "fiksu.com",
   "fluentmobile.com",
   "flurry.cachefly.net",
   "flurry.com",
   "flygo.ru",
   "focas.jp",
   "freewheel-jitt.sanoma.fi",
   "friendlyduck.com",
   "frontier100-toutiao-lf.fqnovel.com",
   "fxlcvd.icu",
   "fyber.com",
   "gadsme.com",
   "gallerieshub.com",
   "gamaibids.com",
   "gameanalysis.appcpi.net",
   "gamerplay67.space",
   "gateway.ttpsdk.info",
   "gdfp.gifshow.com",
   "gdl.i9dhjx.ru",
   "gdn.bigfishgames.com",
   "geede.info",
   "geoloc.yospace.com",
   "global-staticplat.cdn.bcebos.com",
   "global.appnext.com",
   "go.admost.com",
   "go.mobstitialtag.com",
   "go.vrvm.com",
   "goi08150kh.com",
   "googleadservices.com",
   "goshare-fleet-ads.s3.ap-southeast-1.amazonaws.com",
   "gts-ads.twistbox.com",
   "gumgum.com",
   "gynax.com",
   "h5.isnssdk.com",
   "ha-api.pushwoosh.com",
   "hb.rayjump.com",
   "hellay.net",
   "heyzap.com",
   "holder.com.ua",
   "horsed44.com",
   "hotapi-va.isnssdk.com",
   "houseads-prod.elasticbeanstalk.com",
   "houseads.ttpsdk.info",
   "hpfkvr.icu",
   "httpdns.bilivideo.com",
   "httpool.com",
   "huntmad.com",
   "hw-ot-ad.a.yximgs.com",
   "hybird.rayjump.com",
   "hybrid.ai",
   "hyperadx.com",
   "i-vengo.com",
   "i.isnssdk.com",
   "i.singular.net",
   "i.skimresources.com",
   "i16-tb.isnssdk.com",
   "i2ad.jp",
   "iad.appboy.com",
   "iads.unity3d.com",
   "iadsdk.apple.com",
   "iam.datasavannah.com",
   "ichannel.isnssdk.com",
   "im.ov.yahoo.co.jp",
   "imapi-sg.isnssdk.com",
   "imgx.jampp.com",
   "impbid.com",
   "imprdom.com",
   "imrworldwide.com",
   "infolinks.com",
   "ingamesads.gameloft.com",
   "inmense.site",
   "inmobi.cn",
   "inmobi.net",
   "inmobicdn.net",
   "inmobisdk-a.akamaihd.net",
   "inner-active.com",
   "inner-active.mobi",
   "innovid.com",
   "integral-marketing.com",
   "intermarkets.net",
   "intowow.com",
   "investingchannel.com",
   "iyes.youku.com",
   "jioads.akamaized.net",
   "jjpp.lmtjapi.com",
   "justad.mobi",
   "jybsb9oyss.com",
   "ketchapp.org",
   "kiosked.com",
   "kochava.com",
   "komoona.com",
   "krt.asycxtz.cn",
   "krutilka.net",
   "kvaedit.site",
   "l0-secure.videohub.tv",
   "l3op.info",
   "lacunads.com",
   "launcher.us.yeshen.com",
   "lb.usemaxserver.de",
   "leadboltads.net",
   "leanplum.com",
   "lf-static.tiktokpangle-cdn-us.com",
   "lgvlbd.icu",
   "liftoff-creatives.io",
   "liftoff.io",
   "live.hyprmx.com",
   "log.kajicam.com",
   "loganmedia.mobi",
   "look.kfiopkln.com",
   "lqm.io",
   "luckyforworlds.com",
   "lxqcgj.com",
   "mad.mobisky.pl",
   "madnet.ru",
   "mads.amazon.com",
   "manage.com",
   "marketing.mangacopy.com",
   "maticooads.com",
   "matrix.dailyinnovation.biz",
   "maxesads.ru",
   "mblapi.ssl2.duapps.com",
   "mbn.com.ua",
   "mcoreads.com",
   "med-api.admost.com",
   "medialand.ru",
   "mediation.unity3d.com",
   "meendocash.com",
   "metamx.com",
   "mgage.com",
   "mi.gdt.qq.com",
   "mimicromax.com",
   "mintegral.com",
   "mixadvert.com",
   "mmp001.scalemonk.com",
   "mo.freeindoapp.com",
   "moatads.com.edgekey.net",
   "moba8.net",
   "mobads.baidu.com",
   "mobclix.com",
   "mobfox.com",
   "mobi.yanosik.pl",
   "mobiads.ru",
   "mobidriven.com",
   "mobile-campaigns.avast.com",
   "mobilecore.com",
   "mobiledl.adboe.com",
   "mobilefuse.com",
   "mobondhrd.appspot.com",
   "mobotoolpush.moboapps.io",
   "mobpowertech.com",
   "mofox.com",
   "monitor.adcaffe.com",
   "mopub-win-us-east.bksn.se",
   "mossru.com",
   "msg.ettoday.net",
   "mtag.mman.kr",
   "mtburn.jp",
   "mtgglobals.com",
   "mtrcss.com",
   "mxaserver.mxplay.com",
   "mxvp-ad-config-prod-1.zenmxapps.com",
   "mxvp-feature-toggle-prod-1.zenmxapps.com",
   "mydas.mobi",
   "n152adserv.com",
   "nanigans.com",
   "nasimobi.com",
   "native.cli.bz",
   "nativead.s3.amazonaws.com",
   "nativex.com",
   "naverpa-phinf.pstatic.net",
   "nbcollect.kugou.com",
   "nbcollectretry.kugou.com",
   "nearbyad.com",
   "nend.net",
   "net.rayjump.com",
   "netavenir.com",
   "netseer.com",
   "netshelter.net",
   "networksdk.ssacdn.com",
   "networld.hk",
   "newad.ifeng.com",
   "newfeatureview.perfectionholic.com",
   "news-cdn.site",
   "newsnet.in.ua",
   "nexac.com",
   "nickhel.com",
   "nkis.nikkei.com",
   "novostimira.biz",
   "noxagile.duapp.com",
   "numbers.md",
   "nycp-hlb.dvgtm.akadns.net",
   "ob.leap.app",
   "oconner.biz",
   "offerwall-adnative.com",
   "offerwall.yandex.net",
   "okloib88.com",
   "onlineapi.youappi.com",
   "open.e.kuaishou.cn",
   "open.e.kuaishou.com",
   "open.isnssdk.com",
   "open.kuaishouzt.com",
   "open.kwaizt.com",
   "opt8.co",
   "os.scmpacdn.com",
   "other.appcpi.net",
   "p-behacdn.ksmobile.net",
   "p1-lm.adukwai.com",
   "p16-ad.byteoversea.com",
   "pangle.io",
   "pangolin16.isnssdk.com",
   "pangolin16.sgsnssdk.com",
   "parrot-flow.com",
   "partnerearning.com",
   "pasta.esfile.duapps.com",
   "pavoshare.com",
   "perf-events.cloud.unity3d.com",
   "pflexads.com",
   "pgdt.gtimg.cn",
   "pglstatp-toutiao.com",
   "phluant.com",
   "pic-stash.com",
   "pithyiwgz.top",
   "pixel.admobclick.com",
   "playgap.b-cdn.net",
   "playhaven.com",
   "plugin.mobopay.baidu.com",
   "pn.ybp.yahoo.com",
   "polymorphicads.jp",
   "pontiflex.com",
   "powerlinks.com",
   "pr.comet.yahoo.com",
   "preitem.wshareit.com",
   "presage.io",
   "prod.adjoe.zone",
   "prod.cm.publishers.advertising.a2z.com",
   "projecta-common-1258344701.file.myqcloud.com",
   "promo-images.ttpsdk.info",
   "promoted.sndcdn.com",
   "promoted.soundcloud.com",
   "promotion-en.xmeye.net",
   "promotion-quicker.jftechsoft.com",
   "promotion.polarisoffice.com",
   "promotion.xmeye.net",
   "promotionad.nvcam.net",
   "pssvc.iqzone.com",
   "psvpromo.psvgamestudio.com",
   "pub1.co",
   "pubnative.info",
   "pubnative.net",
   "pushad.metajoy.services",
   "px.adhigh.net",
   "qist.me",
   "questionmarket.com",
   "r0.mail.ru",
   "r0.mradx.net",
   "r2d2.aotter.net",
   "rainmaker.production-public.tubi.io",
   "redtram.com",
   "reqde.sooplive.co.kr",
   "restartad.com",
   "reward-api.csjplatform.com",
   "richlifeads.ru",
   "robin-flow.com",
   "rossoad.com",
   "rotaban.ru",
   "rqmob.com",
   "rtapi.abbi.io",
   "rtb.appbid.com",
   "rtblab.net",
   "rugfrfji.win",
   "ruuaqkw.com",
   "s-adx.op-mobile.opera.com",
   "s-odx.oleads.com",
   "s.hisp.in",
   "s3.ttpsdk.info",
   "san.myadssupport.com",
   "saymedia.com",
   "sc.smardroid.com",
   "scorecardresearch.com",
   "screen.buzzvil.com",
   "sdk-api-v1.singular.net",
   "sdk-api.kidoz.net",
   "sdk.adtiming.com",
   "sdk.starbolt.io",
   "sdkv2.imaginationunwired.com",
   "se.rfvtgbyhn.com",
   "search.adcaffe.com",
   "sensors.larkplayerapp.com",
   "servebom.com",
   "servedby.o2.co.uk",
   "serveraddr.service.kugou.com",
   "service-ad-image-ga.prd.pluto.tv",
   "sessionm.com",
   "setting.rayjump.com",
   "shareasale.com",
   "sharethrough.com",
   "sheilaqeb.com",
   "silvermob.com",
   "sitemaji.com",
   "sitescout.com",
   "skadnetwork.singular.net",
   "skadsdk.appsflyer.com",
   "skt-asum.com",
   "smilered.com",
   "socdm.com",
   "sonobi.com",
   "soundcloud-pax.pandora.com",
   "speee-ad.akamaized.net",
   "splash-ad.classting.com",
   "splash.appsgeyser.com",
   "splicky.com",
   "springserve.com",
   "sscefsol.com",
   "ssp-ad.momento.dev",
   "ssp.mediation.trnox.com",
   "ssp.otm-r.com",
   "sspapi-prd.samsungrs.com",
   "startappservice.com",
   "startup-mobile.ap.yandex-net.ru",
   "startup.mobile.webvisor.com",
   "startup.mobile.yandex.net",
   "stat.kika-backend.com",
   "static.hyprmx.com",
   "static.jampp.com",
   "static.terratraf.com",
   "static.timetreeads.com",
   "staticcc.com",
   "stream.spongead.com",
   "sumatoad.com",
   "supersonicads-a.akamaihd.net",
   "supersonicads.com",
   "swelen.com",
   "switchadhub.com",
   "syndication.trafficreps.com",
   "synthes.vo.llnwd.net",
   "tap-nexus.appspot.com",
   "tapdaq-adverts.global.ssl.fastly.net",
   "tapit.com",
   "tapjoy.com",
   "tapjoy.net",
   "tapone.jp",
   "tappx.com",
   "tapsell.ir",
   "tapsense.com",
   "tapulsads.ru",
   "targetspot.com",
   "tbiwtech.com",
   "tc.qzwxrtyk.com",
   "tccbanner.com",
   "teachscape.vo.llnwd.net",
   "thecatmachine.com",
   "thetrafficstat.net",
   "thind-gke-euw.prd.data.corp.unity3d.com",
   "tiktokpangle.us",
   "tiu6ij9yqn.com",
   "tivan.naver.com",
   "tizerclik.com",
   "tk0x1.com",
   "tkcatrun.aotter.net",
   "tkcatwalk.aotter.net",
   "tkmedia-cache.aotter.net",
   "tkmedia.aotter.net",
   "tkmftc.aotter.net",
   "tkportal.aotter.net",
   "tm1.hoiplay.com",
   "tmz.vo.llnwd.net",
   "tnc16-alisg.isnssdk.com",
   "tnc16-useast1a.isnssdk.com",
   "togothermany.com",
   "tonefuse.com",
   "toponadss.com",
   "tpbid.com",
   "tr.acobt.tech",
   "trackimpression.com",
   "tracking.applift.com",
   "tradplusad.com",
   "trafmag.com",
   "traktum.com",
   "trc.taboola.com",
   "trk.glispa.com",
   "tubemogul.com",
   "turn.com",
   "tveta.naver.net",
   "tw-api.vpon.com",
   "tw.api.vpon.com",
   "tx-ad.a.yximgs.com",
   "tx-kmpaudio.pull.yximgs.com",
   "u-ad.info",
   "ufz.doesxyz.com",
   "ultraadserver.com",
   "umbel.com",
   "umphek.com",
   "unicume.com",
   "unityads.unity3d.com",
   "upsight.com",
   "usekahuna.com",
   "usp1.baidu.com",
   "v.kidoz.net",
   "v16-ad.byteoversea.com",
   "v8b9c0x1z2.sai7348.xyz",
   "velti.com",
   "veta.naver.com",
   "videoads-cloud.rovio.com",
   "videoplus.vo.llnwd.net",
   "vm5apis.com",
   "vmap.v.ad-generation.jp",
   "vniddlg.xyz",
   "vod-mplayer.sooplive.co.kr",
   "vserv.mobi",
   "vungle.com",
   "waiads.com",
   "wapstart.ru",
   "wdig.vo.llnwd.net",
   "west.bidtellect.com",
   "widespace.com",
   "wordego.com",
   "wtraff.com",
   "www.adbert.com.tw",
   "xdrig.com",
   "ximad.com",
   "yandexadexchange.net",
   "yc-ads.s3.amazonaws.com",
   "yieldkit.com",
   "yieldmo.com",
   "ykad-data.youku.com",
   "yllix.com",
   "youmi.net",
   "yovoads.com",
   "zedo.com",
   "zgzxs.weathercn.com",
   "zmqdez.ru",
   "zoly.tech",
   "zxphiz.tech",
   "zzhengre.com"
  ],
  "resourceTypes": [
   "main_frame"
  ]
 },
 "id": 1,
 "priority": 29
}
]
