[
{
 "action": {
  "redirect": {
   "regexSubstitution": "/strictblock.html#\\0"
  },
  "type": "redirect"
 },
 "condition": {
  "regexFilter": "^https?://.*",
  "requestDomains": [
   "1t2.alpin.de",
   "1t2.kicker.de",
   "a.zdg.de",
   "a3.zdg.de",
   "ad.71i.de",
   "ad.dl.dewezet.de",
   "ad.dslr-forum.de",
   "ad.games.ch",
   "ad.jaumo.com",
   "adnx.de",
   "as.chartsurfer.de",
   "banner.click-tt.de",
   "banner.immowelt.de",
   "bd742.com",
   "bn.gewinn24.de",
   "ced.sascdn.com",
   "code.alpin.de",
   "code.bergsteigen.com",
   "cpg-cdn.com",
   "delmovip.com",
   "f11-ads.com",
   "fantecio.com",
   "fastad.beepworld.de",
   "gayads.biz",
   "hybrid-prd.ad-prd.s.joyn.de",
   "inv.lapippa.com",
   "kctag.net",
   "lad.sumikai.com",
   "ladbrokes.hs-edge.net",
   "loader.kreuzwortraetsel.de",
   "loader.motor-talk.de",
   "loader.oeffnungszeitenbuch.de",
   "loader.verkaufsoffener-sonntag.com",
   "loader.wort-suchen.de",
   "loader.woxikon.de",
   "media.alphaload.com",
   "netwayer.de",
   "network.gofeminin.de",
   "network2.aufeminin.com",
   "ox.gassi-tv.de",
   "partner.schalke04.de",
   "partner.simplytel.de",
   "pear.focus.de",
   "plus.tourispo.com",
   "pr.t-online.de",
   "promotionmaterial.betacash.com",
   "qvid2.b-cdn.net",
   "res.ki.de",
   "rev.lapippa.com",
   "saas.valuetech.de",
   "securecnd.com",
   "servote.de",
   "start.amateurcommunity.com",
   "start.sexpartnercommunity.com",
   "swissadserver.ch",
   "tdn.da-services.ch",
   "trafico.prensaiberica.es",
   "wbbanner.mrn-news.de",
   "web-ads.10sq.net",
   "werbemanager.w24.at",
   "widget.marktjagd.de",
   "windows-pro.net",
   "wixnm.com",
   "wm-space.youero.com",
   "x.sumikai.com",
   "zazufi.com"
  ],
  "resourceTypes": [
   "main_frame"
  ]
 },
 "id": 1,
 "priority": 29
}
]
