[
{
 "action": {
  "redirect": {
   "regexSubstitution": "/strictblock.html#\\0"
  },
  "type": "redirect"
 },
 "condition": {
  "regexFilter": "^https?://.*",
  "requestDomains": [
   "0x01n2ptpuz3.com",
   "69oxt4q05.com",
   "accessclark.com",
   "achcdn.com",
   "ad.docer.pl",
   "ad.facetpo40.pl",
   "ad.ipolska.pl",
   "ad.myapple.pl",
   "ad.vider.pl",
   "ad.webshark.pl",
   "ad.winiso.pl",
   "adform.net",
   "adk.docer.pl",
   "adocean.pl",
   "adraker-dev.azureedge.net",
   "ads-analytic.com",
   "ads-tejot.pl",
   "ads.gry-online.pl",
   "adv.herocraft.com",
   "adv.wp.pl",
   "affiliates-solutions.com",
   "aktualnosci.pl.ua",
   "alifestylewayz.com",
   "allepharm.com",
   "almuradtiles.zohosites.com",
   "amazon-adsystem.com",
   "angeldonationblog.com",
   "angelo.fernandonguyen.online",
   "api.systempartnerski.pl",
   "app.shopeneo.network",
   "aranzujemy.co.pl",
   "artykul.media-years.com",
   "asckat.com",
   "azontree.com",
   "b54m4qbmt0b9.com",
   "bioway.pl",
   "blubroid.de",
   "bodelen.com",
   "boonovel.com",
   "boxarchives.xyz",
   "brand.ad",
   "burdaffi.burdadigital.pl",
   "buzz.give5.pl",
   "c2c24.pl",
   "catchupburger.com",
   "cdn.questvert.pl",
   "chocolateheaven.site",
   "ciekawe24.pl.ua",
   "clkpl.tradedoubler.com",
   "codesyncnexuslink.com",
   "codevexillium.org",
   "coin-have.com",
   "coin-hive.com",
   "coinhive.com",
   "colasprint.com",
   "contextweb.com",
   "cooleel.com",
   "corto.www.wp.pl",
   "d1f5rbi95y1icu.cloudfront.net",
   "d22sfab2t5o9bq.cloudfront.net",
   "daib.pl",
   "dansotant.xyz",
   "darksidebox.xyz",
   "deal-pl.shop",
   "dexessee.com",
   "disqusads.com",
   "doubleclick.net",
   "drda5yf9kgz5p.cloudfront.net",
   "dronerc.it",
   "dsnpj.shop",
   "dumpster-rental-37906.bond",
   "edrrak.com",
   "edujikim.com",
   "efficaciousbike.com",
   "eiamcentral.art",
   "eiamglobal.co",
   "embed.powercontent.pl",
   "energy-victory.com",
   "entretenimento.su",
   "exyzz.pl",
   "fabioluciani.com",
   "fads.online",
   "fadstrack.com",
   "faidoud.com",
   "fireads.network",
   "fitact.com",
   "fixtures.onet.pl",
   "fknixrgkmhkn.com",
   "fkref.com",
   "foleyinfo.com",
   "foresig-market.biz",
   "glaimtug.com",
   "googlesyndication.com",
   "grodohom-invest.com",
   "groorgex.net",
   "honorata-skarbek.com",
   "hotnewscentral.com",
   "hotpxuq.shop",
   "hyphenion.com",
   "img.lzrikate.com",
   "indexww.com",
   "investbooking.de",
   "j-hozumi.com",
   "jixzin.shop",
   "jnews5.com",
   "jnews6.com",
   "joiernajoobn.site",
   "keechavy.com",
   "kinoseans.pl",
   "kiwibirdcrafts.com",
   "kora-show.live",
   "krakenfolio.com",
   "lcx.pl",
   "leadexpert.pl",
   "lib.ads4g.pl",
   "lijjt.com",
   "login.dognet.sk",
   "luckypuppy.top",
   "magicalplastic.com",
   "mahieutin.xyz",
   "managebox.xyz",
   "marketplace.ofeminin.pl",
   "media.stsaff.pl",
   "mg.steepto.com",
   "mito-med.pl",
   "mito-pharma.pl",
   "morjoiikol.site",
   "mostnewsfeed.com",
   "moviekiteer.com",
   "mustreadfeed.com",
   "mycy.top",
   "mydatinguniverse.com",
   "nabakus.info",
   "newspol.pl",
   "newssomesun.com",
   "nfjdm.com",
   "numpet.com",
   "nuxzin.cloud",
   "online-mexos.efortuna.pl",
   "opsonew3org.sg",
   "ovh.webshark.pl",
   "peachlandeu.com",
   "pemindahpetiselamat.com",
   "pinvazo.com",
   "pl.tradenewsinvesting.com",
   "polikuny.site",
   "pracownik-neuca.pl",
   "pralkosuszarka-1936126.online",
   "pub.contexthub.net",
   "raupsica.net",
   "rec-ir.quartic.pl",
   "rect.b2bpersonals.net",
   "reddevilsrugby.co.uk",
   "redhatbox.xyz",
   "redusugar.pl",
   "reklama.pyrzyce.eu",
   "reklamy.grupafarmacja.net",
   "reklamy.naszraciborz.pl",
   "relaboyurn.info",
   "remtoaku.net",
   "render.geozo.com",
   "restauracjafusion.pl",
   "rinsouxy.com",
   "ro88qcuy.com",
   "roojouma.com",
   "s.bankier.pl",
   "saalekosn.info",
   "service.weben1.com",
   "shift.oferty-kredytowe.pl",
   "shownewsdaily.com",
   "sincereday.com",
   "sologne-gite.com",
   "sooloaph.com",
   "sport32news.com",
   "start.livezilla.net",
   "sus-wel.com",
   "syndication.exdynsrv.com",
   "t.17track.net",
   "taboola.com",
   "thiksikr.com",
   "topnewsource.com",
   "track.aftermarket.pl",
   "track.cux.io",
   "track654.com",
   "tracking718.com",
   "transferwiser.io",
   "transplugin.io",
   "trichomist.store",
   "trophylab.com",
   "truelovesbeauty.co.uk",
   "truthfulmilkshake.com",
   "tuhandrastye.site",
   "ulixes.pl",
   "uod2quk646.com",
   "vaks.pl",
   "video.vid4u.org",
   "visualrevenue.com",
   "webep1.com",
   "whegadry.com",
   "wple.net",
   "wss.analyticacdn.com",
   "wtg-ads.com",
   "ww1.flashx.net",
   "www.livezilla.net",
   "www.mp3zik.net",
   "wyznajsekret.pl",
   "xsaraconrs.site",
   "zaloz-netia.pl",
   "zapmeta.com.pl",
   "zas.mylead.global",
   "zemanta.com",
   "zhaesyurol.info",
   "zostofou.link",
   "zukxd6fkxqn.com"
  ],
  "resourceTypes": [
   "main_frame"
  ]
 },
 "id": 1,
 "priority": 29
}
]
